<?xml version="1.0" encoding="UTF-8"?>
<alto xmlns:xsi="http://www.w3.org/2001/XMLSchema-instance" xsi:noNamespaceSchemaLocation="http://www.bl.uk/schemas/alto/alto-1-4.xsd" xmlns:xlink="http://www.w3.org/1999/xlink">
	<Description>
		<MeasurementUnit>mm10</MeasurementUnit>
		<sourceImageInformation>
			<fileName>//head1/IN/2008-10/A0011314272/000059.jp2</fileName>
		</sourceImageInformation>
		<OCRProcessing ID="OCRPROCESSING_1">
			<preProcessingStep>
				<processingSoftware>
					<softwareCreator>CCS Content Conversion Specialists GmbH, Germany</softwareCreator>
					<softwareName>CCS docWORKS</softwareName>
					<softwareVersion>6.1-0.67</softwareVersion>
				</processingSoftware>
			</preProcessingStep>
			<ocrProcessingStep>
				<processingSoftware>
					<softwareCreator>ABBYY (BIT Software), Russia</softwareCreator>
					<softwareName>Finereader</softwareName>
				</processingSoftware>
			</ocrProcessingStep>
		</OCRProcessing>
	</Description>
	<Styles>
		<TextStyle ID="TXT_0" FONTSIZE="10" FONTFAMILY="Courier New"/>
		<TextStyle ID="TXT_1" FONTSIZE="9" FONTFAMILY="Courier New"/>
		<ParagraphStyle ID="PAR_RIGHT" ALIGN="Right"/>
		<ParagraphStyle ID="PAR_LEFT" ALIGN="Left"/>
		<ParagraphStyle ID="PAR_CENTER" ALIGN="Center"/>
	</Styles>
	<Layout>
		<Page ID="P55" PHYSICAL_IMG_NR="55" HEIGHT="1837" WIDTH="1212" PRINTED_IMG_NR="45" POSITION="Right" ACCURACY="66.73">
			<TopMargin ID="P55_TM00001" HPOS="0" VPOS="0" WIDTH="1211" HEIGHT="102">
				<TextBlock ID="P55_TB00001" HPOS="990" VPOS="75" WIDTH="32" HEIGHT="25" STYLEREFS="TXT_0 PAR_RIGHT">
					<TextLine ID="P55_TL00001" HPOS="990" VPOS="75" WIDTH="32" HEIGHT="25">
						<String ID="P55_ST00001" HPOS="990" VPOS="75" WIDTH="32" HEIGHT="25" CONTENT="45" WC="1.00" CC="00"/>
					</TextLine>
				</TextBlock>
				<TextBlock ID="P55_TB00002" HPOS="341" VPOS="82" WIDTH="408" HEIGHT="19" STYLEREFS="TXT_1 PAR_LEFT">
					<TextLine ID="P55_TL00002" HPOS="341" VPOS="82" WIDTH="408" HEIGHT="19">
						<String ID="P55_ST00002" HPOS="341" VPOS="82" WIDTH="156" HEIGHT="19" CONTENT="TESTIMONY" WC="0.48" CC="926919006"/>
						<SP ID="P55_SP00001" HPOS="497" VPOS="101" WIDTH="20"/>
						<String ID="P55_ST00003" HPOS="517" VPOS="83" WIDTH="34" HEIGHT="18" CONTENT="OF" WC="0.42" CC="56"/>
						<SP ID="P55_SP00002" HPOS="551" VPOS="101" WIDTH="19"/>
						<String ID="P55_ST00004" HPOS="570" VPOS="84" WIDTH="48" HEIGHT="17" CONTENT="MR." WC="0.79" CC="600"/>
						<SP ID="P55_SP00003" HPOS="618" VPOS="101" WIDTH="20"/>
						<String ID="P55_ST00005" HPOS="638" VPOS="83" WIDTH="111" HEIGHT="18" CONTENT="ROGERS." WC="0.49" CC="9251960"/>
					</TextLine>
				</TextBlock>
			</TopMargin>
			<LeftMargin ID="P55_LM00001" HPOS="0" VPOS="102" WIDTH="66" HEIGHT="1644"/>
			<RightMargin ID="P55_RM00001" HPOS="1038" VPOS="102" WIDTH="173" HEIGHT="1644"/>
			<BottomMargin ID="P55_BM00001" HPOS="0" VPOS="1746" WIDTH="1211" HEIGHT="91"/>
			<PrintSpace ID="P55_PS00001" HPOS="66" VPOS="102" WIDTH="972" HEIGHT="1644">
				<TextBlock ID="P55_TB00003" HPOS="66" VPOS="147" WIDTH="967" HEIGHT="689" STYLEREFS="TXT_1 PAR_LEFT">
					<TextLine ID="P55_TL00003" HPOS="66" VPOS="149" WIDTH="960" HEIGHT="36">
						<String ID="P55_ST00006" HPOS="66" VPOS="149" WIDTH="45" HEIGHT="27" CONTENT="the" WC="0.74" CC="070"/>
						<SP ID="P55_SP00004" HPOS="111" VPOS="176" WIDTH="14"/>
						<String ID="P55_ST00007" HPOS="125" VPOS="149" WIDTH="120" HEIGHT="36" CONTENT="Bombay" WC="0.46" CC="600599"/>
						<SP ID="P55_SP00005" HPOS="245" VPOS="185" WIDTH="15"/>
						<String ID="P55_ST00008" HPOS="260" VPOS="149" WIDTH="69" HEIGHT="27" CONTENT="Civil" WC="0.54" CC="67062"/>
						<SP ID="P55_SP00006" HPOS="329" VPOS="185" WIDTH="27"/>
						<String ID="P55_ST00009" HPOS="356" VPOS="149" WIDTH="106" HEIGHT="27" CONTENT="Service" WC="0.67" CC="7060044"/>
						<SP ID="P55_SP00007" HPOS="462" VPOS="185" WIDTH="24"/>
						<String ID="P55_ST00010" HPOS="486" VPOS="159" WIDTH="74" HEIGHT="17" CONTENT="more" WC="0.76" CC="0143"/>
						<SP ID="P55_SP00008" HPOS="560" VPOS="185" WIDTH="20"/>
						<String ID="P55_ST00011" HPOS="580" VPOS="149" WIDTH="149" HEIGHT="35" CONTENT="intimately" WC="0.64" CC="5050367050"/>
						<SP ID="P55_SP00009" HPOS="729" VPOS="185" WIDTH="13"/>
						<String ID="P55_ST00012" HPOS="742" VPOS="149" WIDTH="114" HEIGHT="26" CONTENT="familiar" WC="0.61" CC="09650206"/>
						<SP ID="P55_SP00010" HPOS="856" VPOS="185" WIDTH="22"/>
						<String ID="P55_ST00013" HPOS="878" VPOS="149" WIDTH="64" HEIGHT="26" CONTENT="with" WC="0.40" CC="9517"/>
						<SP ID="P55_SP00011" HPOS="942" VPOS="185" WIDTH="21"/>
						<String ID="P55_ST00014" HPOS="963" VPOS="149" WIDTH="63" HEIGHT="27" CONTENT="land" WC="0.56" CC="4570"/>
					</TextLine>
					<TextLine ID="P55_TL00004" HPOS="69" VPOS="192" WIDTH="959" HEIGHT="36">
						<String ID="P55_ST00015" HPOS="69" VPOS="193" WIDTH="152" HEIGHT="26" CONTENT="settlement" WC="0.67" CC="4054000377"/>
						<SP ID="P55_SP00012" HPOS="221" VPOS="219" WIDTH="22"/>
						<String ID="P55_ST00016" HPOS="243" VPOS="193" WIDTH="136" HEIGHT="33" CONTENT="questions" WC="0.52" CC="066705447"/>
						<SP ID="P55_SP00013" HPOS="379" VPOS="226" WIDTH="21"/>
						<String ID="P55_ST00017" HPOS="400" VPOS="192" WIDTH="116" HEIGHT="35" CONTENT="relating" WC="0.70" CC="50500084"/>
						<SP ID="P55_SP00014" HPOS="516" VPOS="227" WIDTH="12"/>
						<String ID="P55_ST00018" HPOS="528" VPOS="195" WIDTH="28" HEIGHT="24" CONTENT="to" WC="1.00" CC="00"/>
						<SP ID="P55_SP00015" HPOS="556" VPOS="227" WIDTH="24"/>
						<String ID="P55_ST00019" HPOS="580" VPOS="193" WIDTH="122" HEIGHT="34" CONTENT="Gujarat," WC="0.52" CC="76162904"/>
						<SP ID="P55_SP00016" HPOS="702" VPOS="227" WIDTH="23"/>
						<String ID="P55_ST00020" HPOS="725" VPOS="192" WIDTH="87" HEIGHT="27" CONTENT="where" WC="0.54" CC="95600"/>
						<SP ID="P55_SP00017" HPOS="812" VPOS="227" WIDTH="22"/>
						<String ID="P55_ST00021" HPOS="834" VPOS="193" WIDTH="32" HEIGHT="26" CONTENT="he" WC="0.73" CC="50"/>
						<SP ID="P55_SP00018" HPOS="866" VPOS="227" WIDTH="13"/>
						<String ID="P55_ST00022" HPOS="879" VPOS="193" WIDTH="47" HEIGHT="26" CONTENT="has" WC="0.54" CC="706"/>
						<SP ID="P55_SP00019" HPOS="926" VPOS="227" WIDTH="24"/>
						<String ID="P55_ST00023" HPOS="950" VPOS="196" WIDTH="78" HEIGHT="32" CONTENT="spent" WC="0.59" CC="70066"/>
					</TextLine>
					<TextLine ID="P55_TL00005" HPOS="68" VPOS="235" WIDTH="959" HEIGHT="36">
						<String ID="P55_ST00024" HPOS="68" VPOS="236" WIDTH="46" HEIGHT="27" CONTENT="the" WC="0.55" CC="076"/>
						<SP ID="P55_SP00020" HPOS="114" VPOS="263" WIDTH="25"/>
						<String ID="P55_ST00025" HPOS="139" VPOS="236" WIDTH="57" HEIGHT="26" CONTENT="best" WC="0.69" CC="6050"/>
						<SP ID="P55_SP00021" HPOS="196" VPOS="263" WIDTH="25"/>
						<String ID="P55_ST00026" HPOS="221" VPOS="238" WIDTH="60" HEIGHT="33" CONTENT="part" WC="0.52" CC="0917"/>
						<SP ID="P55_SP00022" HPOS="281" VPOS="271" WIDTH="22"/>
						<String ID="P55_ST00027" HPOS="303" VPOS="236" WIDTH="27" HEIGHT="25" CONTENT="of" WC="0.64" CC="07"/>
						<SP ID="P55_SP00023" HPOS="330" VPOS="271" WIDTH="21"/>
						<String ID="P55_ST00028" HPOS="351" VPOS="235" WIDTH="41" HEIGHT="26" CONTENT="his" WC="0.27" CC="569"/>
						<SP ID="P55_SP00024" HPOS="392" VPOS="271" WIDTH="26"/>
						<String ID="P55_ST00029" HPOS="418" VPOS="235" WIDTH="53" HEIGHT="26" CONTENT="life." WC="0.80" CC="10800"/>
						<SP ID="P55_SP00025" HPOS="471" VPOS="271" WIDTH="42"/>
						<String ID="P55_ST00030" HPOS="513" VPOS="236" WIDTH="51" HEIGHT="25" CONTENT="Mr." WC="0.93" CC="002"/>
						<SP ID="P55_SP00026" HPOS="564" VPOS="271" WIDTH="29"/>
						<String ID="P55_ST00031" HPOS="593" VPOS="236" WIDTH="103" HEIGHT="35" CONTENT="Rogers" WC="0.41" CC="749057"/>
						<SP ID="P55_SP00027" HPOS="696" VPOS="271" WIDTH="26"/>
						<String ID="P55_ST00032" HPOS="722" VPOS="235" WIDTH="121" HEIGHT="27" CONTENT="observes" WC="0.68" CC="77506000"/>
						<SP ID="P55_SP00028" HPOS="843" VPOS="271" WIDTH="12"/>
						<String ID="P55_ST00033" HPOS="855" VPOS="247" WIDTH="6" HEIGHT="15" CONTENT=":" WC="1.00" CC="0"/>
						<String ID="P55_ST00034" HPOS="862" VPOS="252" WIDTH="36" HEIGHT="2" CONTENT="—" WC="0.20" CC="8"/>
						<String ID="P55_ST00035" HPOS="901" VPOS="237" WIDTH="16" HEIGHT="13" CONTENT='"' WC="1.00" CC="0"/>
						<SP ID="P55_SP00029" HPOS="917" VPOS="271" WIDTH="11"/>
						<String ID="P55_ST00036" HPOS="928" VPOS="236" WIDTH="13" HEIGHT="26" CONTENT="I" WC="1.00" CC="0"/>
						<SP ID="P55_SP00030" HPOS="941" VPOS="271" WIDTH="19"/>
						<String ID="P55_ST00037" HPOS="960" VPOS="237" WIDTH="67" HEIGHT="25" CONTENT="have" WC="0.59" CC="6090"/>
					</TextLine>
					<TextLine ID="P55_TL00006" HPOS="69" VPOS="278" WIDTH="964" HEIGHT="37">
						<String ID="P55_ST00038" HPOS="69" VPOS="279" WIDTH="98" HEIGHT="26" CONTENT="known" WC="0.73" CC="07006"/>
						<SP ID="P55_SP00031" HPOS="167" VPOS="305" WIDTH="21"/>
						<String ID="P55_ST00039" HPOS="188" VPOS="288" WIDTH="80" HEIGHT="25" CONTENT="many" WC="0.63" CC="2019"/>
						<SP ID="P55_SP00032" HPOS="268" VPOS="313" WIDTH="14"/>
						<String ID="P55_ST00040" HPOS="282" VPOS="279" WIDTH="132" HEIGHT="25" CONTENT="instances" WC="0.49" CC="556077066"/>
						<SP ID="P55_SP00033" HPOS="414" VPOS="313" WIDTH="12"/>
						<String ID="P55_ST00041" HPOS="426" VPOS="279" WIDTH="29" HEIGHT="24" CONTENT="in" WC="0.81" CC="30"/>
						<SP ID="P55_SP00034" HPOS="455" VPOS="313" WIDTH="15"/>
						<String ID="P55_ST00042" HPOS="470" VPOS="278" WIDTH="114" HEIGHT="35" CONTENT="Gujarat" WC="0.56" CC="7305175"/>
						<SP ID="P55_SP00035" HPOS="584" VPOS="313" WIDTH="20"/>
						<String ID="P55_ST00043" HPOS="604" VPOS="279" WIDTH="88" HEIGHT="26" CONTENT="where" WC="0.75" CC="07040"/>
						<SP ID="P55_SP00036" HPOS="692" VPOS="313" WIDTH="26"/>
						<String ID="P55_ST00044" HPOS="718" VPOS="279" WIDTH="44" HEIGHT="26" CONTENT="the" WC="0.75" CC="070"/>
						<SP ID="P55_SP00037" HPOS="762" VPOS="313" WIDTH="13"/>
						<String ID="P55_ST00045" HPOS="775" VPOS="288" WIDTH="65" HEIGHT="26" CONTENT="very" WC="0.57" CC="1059"/>
						<SP ID="P55_SP00038" HPOS="840" VPOS="314" WIDTH="25"/>
						<String ID="P55_ST00046" HPOS="865" VPOS="283" WIDTH="124" HEIGHT="32" CONTENT="contrary" WC="0.64" CC="00503909"/>
						<SP ID="P55_SP00039" HPOS="989" VPOS="315" WIDTH="13"/>
						<String ID="P55_ST00047" HPOS="1002" VPOS="280" WIDTH="31" HEIGHT="26" CONTENT="of" WC="0.92" CC="01"/>
					</TextLine>
					<TextLine ID="P55_TL00007" HPOS="70" VPOS="320" WIDTH="958" HEIGHT="39">
						<String ID="P55_ST00048" HPOS="70" VPOS="322" WIDTH="52" HEIGHT="26" CONTENT="this" WC="0.51" CC="0766"/>
						<SP ID="P55_SP00040" HPOS="122" VPOS="348" WIDTH="14"/>
						<String ID="P55_ST00049" HPOS="136" VPOS="322" WIDTH="21" HEIGHT="25" CONTENT="is" WC="0.68" CC="06"/>
						<SP ID="P55_SP00041" HPOS="157" VPOS="348" WIDTH="25"/>
						<String ID="P55_ST00050" HPOS="182" VPOS="321" WIDTH="43" HEIGHT="26" CONTENT="the" WC="0.53" CC="076"/>
						<SP ID="P55_SP00042" HPOS="225" VPOS="348" WIDTH="24"/>
						<String ID="P55_ST00051" HPOS="249" VPOS="331" WIDTH="69" HEIGHT="24" CONTENT="case," WC="0.59" CC="50652"/>
						<SP ID="P55_SP00043" HPOS="318" VPOS="355" WIDTH="16"/>
						<String ID="P55_ST00052" HPOS="334" VPOS="321" WIDTH="86" HEIGHT="26" CONTENT="where" WC="0.74" CC="06050"/>
						<SP ID="P55_SP00044" HPOS="420" VPOS="355" WIDTH="14"/>
						<String ID="P55_ST00053" HPOS="434" VPOS="320" WIDTH="29" HEIGHT="27" CONTENT="of" WC="0.46" CC="46"/>
						<SP ID="P55_SP00045" HPOS="463" VPOS="355" WIDTH="19"/>
						<String ID="P55_ST00054" HPOS="482" VPOS="325" WIDTH="53" HEIGHT="22" CONTENT="two" WC="0.83" CC="004"/>
						<SP ID="P55_SP00046" HPOS="535" VPOS="355" WIDTH="21"/>
						<String ID="P55_ST00055" HPOS="556" VPOS="322" WIDTH="80" HEIGHT="34" CONTENT="wells," WC="0.81" CC="000073"/>
						<SP ID="P55_SP00047" HPOS="636" VPOS="356" WIDTH="27"/>
						<String ID="P55_ST00056" HPOS="663" VPOS="322" WIDTH="55" HEIGHT="26" CONTENT="side" WC="0.48" CC="7507"/>
						<SP ID="P55_SP00048" HPOS="718" VPOS="356" WIDTH="12"/>
						<String ID="P55_ST00057" HPOS="730" VPOS="322" WIDTH="37" HEIGHT="36" CONTENT="by" WC="0.63" CC="70"/>
						<SP ID="P55_SP00049" HPOS="767" VPOS="358" WIDTH="25"/>
						<String ID="P55_ST00058" HPOS="792" VPOS="323" WIDTH="64" HEIGHT="34" CONTENT="side," WC="0.64" CC="60064"/>
						<SP ID="P55_SP00050" HPOS="856" VPOS="358" WIDTH="28"/>
						<String ID="P55_ST00059" HPOS="884" VPOS="333" WIDTH="29" HEIGHT="16" CONTENT="or" WC="1.00" CC="00"/>
						<SP ID="P55_SP00051" HPOS="913" VPOS="358" WIDTH="13"/>
						<String ID="P55_ST00060" HPOS="926" VPOS="325" WIDTH="62" HEIGHT="34" CONTENT="only" WC="1.00" CC="0000"/>
						<SP ID="P55_SP00052" HPOS="988" VPOS="359" WIDTH="25"/>
						<String ID="P55_ST00061" HPOS="1013" VPOS="334" WIDTH="15" HEIGHT="17" CONTENT="a" WC="0.52" CC="4"/>
					</TextLine>
					<TextLine ID="P55_TL00008" HPOS="70" VPOS="364" WIDTH="958" HEIGHT="37">
						<String ID="P55_ST00062" HPOS="70" VPOS="366" WIDTH="49" HEIGHT="26" CONTENT="few" WC="0.95" CC="000"/>
						<SP ID="P55_SP00053" HPOS="119" VPOS="392" WIDTH="13"/>
						<String ID="P55_ST00063" HPOS="132" VPOS="365" WIDTH="80" HEIGHT="36" CONTENT="yards" WC="0.62" CC="07604"/>
						<SP ID="P55_SP00054" HPOS="212" VPOS="401" WIDTH="26"/>
						<String ID="P55_ST00064" HPOS="238" VPOS="369" WIDTH="84" HEIGHT="32" CONTENT="apart," WC="0.70" CC="700504"/>
						<SP ID="P55_SP00055" HPOS="322" VPOS="401" WIDTH="26"/>
						<String ID="P55_ST00065" HPOS="348" VPOS="364" WIDTH="45" HEIGHT="28" CONTENT="the" WC="0.52" CC="373"/>
						<SP ID="P55_SP00056" HPOS="393" VPOS="401" WIDTH="22"/>
						<String ID="P55_ST00066" HPOS="415" VPOS="375" WIDTH="51" HEIGHT="17" CONTENT="one" WC="0.58" CC="560"/>
						<SP ID="P55_SP00057" HPOS="466" VPOS="401" WIDTH="26"/>
						<String ID="P55_ST00067" HPOS="492" VPOS="366" WIDTH="87" HEIGHT="26" CONTENT="would" WC="0.51" CC="82560"/>
						<SP ID="P55_SP00058" HPOS="579" VPOS="401" WIDTH="18"/>
						<String ID="P55_ST00068" HPOS="597" VPOS="366" WIDTH="33" HEIGHT="26" CONTENT="be" WC="0.77" CC="40"/>
						<SP ID="P55_SP00059" HPOS="630" VPOS="401" WIDTH="25"/>
						<String ID="P55_ST00069" HPOS="655" VPOS="369" WIDTH="80" HEIGHT="23" CONTENT="sweet" WC="0.55" CC="79005"/>
						<SP ID="P55_SP00060" HPOS="735" VPOS="401" WIDTH="24"/>
						<String ID="P55_ST00070" HPOS="759" VPOS="366" WIDTH="53" HEIGHT="27" CONTENT="and" WC="0.54" CC="930"/>
						<SP ID="P55_SP00061" HPOS="812" VPOS="401" WIDTH="19"/>
						<String ID="P55_ST00071" HPOS="831" VPOS="367" WIDTH="44" HEIGHT="26" CONTENT="the" WC="0.71" CC="061"/>
						<SP ID="P55_SP00062" HPOS="875" VPOS="401" WIDTH="26"/>
						<String ID="P55_ST00072" HPOS="901" VPOS="367" WIDTH="74" HEIGHT="27" CONTENT="other" WC="0.77" CC="00513"/>
						<SP ID="P55_SP00063" HPOS="975" VPOS="401" WIDTH="25"/>
						<String ID="P55_ST00073" HPOS="1000" VPOS="378" WIDTH="28" HEIGHT="16" CONTENT="so" WC="0.66" CC="60"/>
					</TextLine>
					<TextLine ID="P55_TL00009" HPOS="71" VPOS="408" WIDTH="959" HEIGHT="38">
						<String ID="P55_ST00074" HPOS="71" VPOS="409" WIDTH="123" HEIGHT="27" CONTENT="brackish" WC="0.72" CC="73030007"/>
						<SP ID="P55_SP00064" HPOS="194" VPOS="436" WIDTH="12"/>
						<String ID="P55_ST00075" HPOS="206" VPOS="419" WIDTH="28" HEIGHT="16" CONTENT="as" WC="0.77" CC="40"/>
						<SP ID="P55_SP00065" HPOS="234" VPOS="436" WIDTH="26"/>
						<String ID="P55_ST00076" HPOS="260" VPOS="413" WIDTH="27" HEIGHT="22" CONTENT="to" WC="0.85" CC="20"/>
						<SP ID="P55_SP00066" HPOS="287" VPOS="436" WIDTH="22"/>
						<String ID="P55_ST00077" HPOS="309" VPOS="408" WIDTH="32" HEIGHT="27" CONTENT="be" WC="1.00" CC="00"/>
						<SP ID="P55_SP00067" HPOS="341" VPOS="436" WIDTH="13"/>
						<String ID="P55_ST00078" HPOS="354" VPOS="408" WIDTH="70" HEIGHT="27" CONTENT="unfit" WC="0.79" CC="40006"/>
						<SP ID="P55_SP00068" HPOS="424" VPOS="436" WIDTH="13"/>
						<String ID="P55_ST00079" HPOS="437" VPOS="408" WIDTH="41" HEIGHT="27" CONTENT="for" WC="0.43" CC="456"/>
						<SP ID="P55_SP00069" HPOS="478" VPOS="436" WIDTH="23"/>
						<String ID="P55_ST00080" HPOS="501" VPOS="419" WIDTH="128" HEIGHT="26" CONTENT="purposes" WC="0.72" CC="12500406"/>
						<SP ID="P55_SP00070" HPOS="629" VPOS="445" WIDTH="26"/>
						<String ID="P55_ST00081" HPOS="655" VPOS="410" WIDTH="30" HEIGHT="26" CONTENT="of" WC="1.00" CC="00"/>
						<SP ID="P55_SP00071" HPOS="685" VPOS="445" WIDTH="9"/>
						<String ID="P55_ST00082" HPOS="694" VPOS="410" WIDTH="148" HEIGHT="36" CONTENT="irrigation," WC="0.82" CC="40000090050"/>
						<SP ID="P55_SP00072" HPOS="842" VPOS="446" WIDTH="27"/>
						<String ID="P55_ST00083" HPOS="869" VPOS="410" WIDTH="53" HEIGHT="26" CONTENT="and" WC="0.67" CC="900"/>
						<SP ID="P55_SP00073" HPOS="922" VPOS="446" WIDTH="21"/>
						<String ID="P55_ST00084" HPOS="943" VPOS="411" WIDTH="87" HEIGHT="26" CONTENT="where" WC="0.80" CC="06300"/>
					</TextLine>
					<TextLine ID="P55_TL00010" HPOS="70" VPOS="452" WIDTH="960" HEIGHT="37">
						<String ID="P55_ST00085" HPOS="70" VPOS="453" WIDTH="44" HEIGHT="27" CONTENT="the" WC="0.75" CC="070"/>
						<SP ID="P55_SP00074" HPOS="114" VPOS="480" WIDTH="21"/>
						<String ID="P55_ST00086" HPOS="135" VPOS="462" WIDTH="73" HEIGHT="17" CONTENT="mere" WC="0.83" CC="0060"/>
						<SP ID="P55_SP00075" HPOS="208" VPOS="480" WIDTH="25"/>
						<String ID="P55_ST00087" HPOS="233" VPOS="452" WIDTH="124" HEIGHT="35" CONTENT="cleaning" WC="0.79" CC="00107430"/>
						<SP ID="P55_SP00076" HPOS="357" VPOS="487" WIDTH="21"/>
						<String ID="P55_ST00088" HPOS="378" VPOS="455" WIDTH="47" HEIGHT="24" CONTENT="out" WC="0.62" CC="154"/>
						<SP ID="P55_SP00077" HPOS="425" VPOS="487" WIDTH="14"/>
						<String ID="P55_ST00089" HPOS="439" VPOS="452" WIDTH="31" HEIGHT="26" CONTENT="of" WC="0.82" CC="03"/>
						<SP ID="P55_SP00078" HPOS="470" VPOS="487" WIDTH="9"/>
						<String ID="P55_ST00090" HPOS="479" VPOS="463" WIDTH="16" HEIGHT="16" CONTENT="a" WC="1.00" CC="0"/>
						<SP ID="P55_SP00079" HPOS="495" VPOS="487" WIDTH="25"/>
						<String ID="P55_ST00091" HPOS="520" VPOS="457" WIDTH="81" HEIGHT="23" CONTENT="sweet" WC="0.88" CC="50000"/>
						<SP ID="P55_SP00080" HPOS="601" VPOS="487" WIDTH="13"/>
						<String ID="P55_ST00092" HPOS="614" VPOS="453" WIDTH="60" HEIGHT="26" CONTENT="well" WC="0.71" CC="9001"/>
						<SP ID="P55_SP00081" HPOS="674" VPOS="487" WIDTH="20"/>
						<String ID="P55_ST00093" HPOS="694" VPOS="463" WIDTH="30" HEIGHT="17" CONTENT="or" WC="0.58" CC="52"/>
						<SP ID="P55_SP00082" HPOS="724" VPOS="487" WIDTH="25"/>
						<String ID="P55_ST00094" HPOS="749" VPOS="453" WIDTH="146" HEIGHT="36" CONTENT="deepening" WC="0.65" CC="800908200"/>
						<SP ID="P55_SP00083" HPOS="895" VPOS="489" WIDTH="21"/>
						<String ID="P55_ST00095" HPOS="916" VPOS="455" WIDTH="20" HEIGHT="25" CONTENT="it" WC="1.00" CC="00"/>
						<SP ID="P55_SP00084" HPOS="936" VPOS="489" WIDTH="18"/>
						<String ID="P55_ST00096" HPOS="954" VPOS="455" WIDTH="47" HEIGHT="26" CONTENT="but" WC="0.52" CC="770"/>
						<SP ID="P55_SP00085" HPOS="1001" VPOS="489" WIDTH="13"/>
						<String ID="P55_ST00097" HPOS="1014" VPOS="465" WIDTH="16" HEIGHT="16" CONTENT="a" WC="1.00" CC="0"/>
					</TextLine>
					<TextLine ID="P55_TL00011" HPOS="69" VPOS="496" WIDTH="961" HEIGHT="36">
						<String ID="P55_ST00098" HPOS="69" VPOS="506" WIDTH="64" HEIGHT="25" CONTENT="very" WC="1.00" CC="0000"/>
						<SP ID="P55_SP00086" HPOS="133" VPOS="531" WIDTH="13"/>
						<String ID="P55_ST00099" HPOS="146" VPOS="496" WIDTH="76" HEIGHT="34" CONTENT="little," WC="0.55" CC="5660543"/>
						<SP ID="P55_SP00087" HPOS="222" VPOS="531" WIDTH="15"/>
						<String ID="P55_ST00100" HPOS="237" VPOS="496" WIDTH="87" HEIGHT="26" CONTENT="would" WC="0.89" CC="04010"/>
						<SP ID="P55_SP00088" HPOS="324" VPOS="531" WIDTH="26"/>
						<String ID="P55_ST00101" HPOS="350" VPOS="496" WIDTH="77" HEIGHT="26" CONTENT="allow" WC="0.64" CC="03229"/>
						<SP ID="P55_SP00089" HPOS="427" VPOS="531" WIDTH="14"/>
						<String ID="P55_ST00102" HPOS="441" VPOS="506" WIDTH="15" HEIGHT="16" CONTENT="a" WC="1.00" CC="0"/>
						<SP ID="P55_SP00090" HPOS="456" VPOS="531" WIDTH="14"/>
						<String ID="P55_ST00103" HPOS="470" VPOS="496" WIDTH="50" HEIGHT="26" CONTENT="salt" WC="0.50" CC="2574"/>
						<SP ID="P55_SP00091" HPOS="520" VPOS="531" WIDTH="22"/>
						<String ID="P55_ST00104" HPOS="542" VPOS="496" WIDTH="91" HEIGHT="35" CONTENT="spring" WC="0.71" CC="704130"/>
						<SP ID="P55_SP00092" HPOS="633" VPOS="531" WIDTH="25"/>
						<String ID="P55_ST00105" HPOS="658" VPOS="501" WIDTH="27" HEIGHT="22" CONTENT="to" WC="0.91" CC="01"/>
						<SP ID="P55_SP00093" HPOS="685" VPOS="531" WIDTH="12"/>
						<String ID="P55_ST00106" HPOS="697" VPOS="496" WIDTH="82" HEIGHT="27" CONTENT="break" WC="0.47" CC="65580"/>
						<SP ID="P55_SP00094" HPOS="779" VPOS="531" WIDTH="12"/>
						<String ID="P55_ST00107" HPOS="791" VPOS="497" WIDTH="27" HEIGHT="25" CONTENT="in" WC="0.46" CC="55"/>
						<SP ID="P55_SP00095" HPOS="818" VPOS="531" WIDTH="15"/>
						<String ID="P55_ST00108" HPOS="833" VPOS="497" WIDTH="51" HEIGHT="26" CONTENT="and" WC="0.54" CC="940"/>
						<SP ID="P55_SP00096" HPOS="884" VPOS="531" WIDTH="14"/>
						<String ID="P55_ST00109" HPOS="898" VPOS="497" WIDTH="66" HEIGHT="35" CONTENT="spoil" WC="0.85" CC="70000"/>
						<SP ID="P55_SP00097" HPOS="964" VPOS="532" WIDTH="21"/>
						<String ID="P55_ST00110" HPOS="985" VPOS="497" WIDTH="45" HEIGHT="27" CONTENT="the" WC="0.90" CC="030"/>
					</TextLine>
					<TextLine ID="P55_TL00012" HPOS="72" VPOS="539" WIDTH="960" HEIGHT="36">
						<String ID="P55_ST00111" HPOS="72" VPOS="544" WIDTH="88" HEIGHT="21" CONTENT="water." WC="0.53" CC="086760"/>
						<SP ID="P55_SP00098" HPOS="160" VPOS="565" WIDTH="40"/>
						<String ID="P55_ST00112" HPOS="200" VPOS="539" WIDTH="39" HEIGHT="26" CONTENT="As" WC="0.73" CC="05"/>
						<SP ID="P55_SP00099" HPOS="239" VPOS="565" WIDTH="18"/>
						<String ID="P55_ST00113" HPOS="257" VPOS="539" WIDTH="40" HEIGHT="25" CONTENT="far" WC="0.82" CC="103"/>
						<SP ID="P55_SP00100" HPOS="297" VPOS="565" WIDTH="13"/>
						<String ID="P55_ST00114" HPOS="310" VPOS="548" WIDTH="29" HEIGHT="17" CONTENT="as" WC="0.72" CC="05"/>
						<SP ID="P55_SP00101" HPOS="339" VPOS="565" WIDTH="12"/>
						<String ID="P55_ST00115" HPOS="351" VPOS="548" WIDTH="47" HEIGHT="26" CONTENT="my" WC="1.00" CC="00"/>
						<SP ID="P55_SP00102" HPOS="398" VPOS="574" WIDTH="13"/>
						<String ID="P55_ST00116" HPOS="411" VPOS="540" WIDTH="156" HEIGHT="34" CONTENT="experience" WC="0.81" CC="0004440600"/>
						<SP ID="P55_SP00103" HPOS="567" VPOS="574" WIDTH="14"/>
						<String ID="P55_ST00117" HPOS="581" VPOS="549" WIDTH="64" HEIGHT="25" CONTENT="goes" WC="0.80" CC="0304"/>
						<SP ID="P55_SP00104" HPOS="645" VPOS="574" WIDTH="21"/>
						<String ID="P55_ST00118" HPOS="666" VPOS="540" WIDTH="112" HEIGHT="35" CONTENT="Captain" WC="0.48" CC="5802864"/>
						<SP ID="P55_SP00105" HPOS="778" VPOS="575" WIDTH="15"/>
						<String ID="P55_ST00119" HPOS="793" VPOS="541" WIDTH="141" HEIGHT="26" CONTENT="Prescott's" WC="0.68" CC="7407205004"/>
						<SP ID="P55_SP00106" HPOS="934" VPOS="575" WIDTH="14"/>
						<String ID="P55_ST00120" HPOS="948" VPOS="551" WIDTH="84" HEIGHT="17" CONTENT="asser" SUBS_TYPE="HypPart1" SUBS_CONTENT="assertion" WC="0.58" CC="646060"/>
						<HYP CONTENT="-"/>
					</TextLine>
					<TextLine ID="P55_TL00013" HPOS="72" VPOS="582" WIDTH="960" HEIGHT="36">
						<String ID="P55_ST00121" HPOS="72" VPOS="583" WIDTH="56" HEIGHT="26" CONTENT="tion" SUBS_TYPE="HypPart2" SUBS_CONTENT="assertion" WC="0.69" CC="1306"/>
						<SP ID="P55_SP00107" HPOS="128" VPOS="609" WIDTH="14"/>
						<String ID="P55_ST00122" HPOS="142" VPOS="582" WIDTH="21" HEIGHT="26" CONTENT="is" WC="0.57" CC="16"/>
						<SP ID="P55_SP00108" HPOS="163" VPOS="609" WIDTH="14"/>
						<String ID="P55_ST00123" HPOS="177" VPOS="582" WIDTH="62" HEIGHT="35" CONTENT="only" WC="0.46" CC="4079"/>
						<SP ID="P55_SP00109" HPOS="239" VPOS="617" WIDTH="15"/>
						<String ID="P55_ST00124" HPOS="254" VPOS="582" WIDTH="104" HEIGHT="35" CONTENT="strictly" WC="0.62" CC="66107700"/>
						<SP ID="P55_SP00110" HPOS="358" VPOS="617" WIDTH="13"/>
						<String ID="P55_ST00125" HPOS="371" VPOS="585" WIDTH="102" HEIGHT="23" CONTENT="correct" WC="0.72" CC="0000783"/>
						<SP ID="P55_SP00111" HPOS="473" VPOS="617" WIDTH="21"/>
						<String ID="P55_ST00126" HPOS="494" VPOS="582" WIDTH="64" HEIGHT="26" CONTENT="with" WC="0.49" CC="0667"/>
						<SP ID="P55_SP00112" HPOS="558" VPOS="617" WIDTH="20"/>
						<String ID="P55_ST00127" HPOS="578" VPOS="583" WIDTH="96" HEIGHT="35" CONTENT="regard" WC="0.94" CC="000030"/>
						<SP ID="P55_SP00113" HPOS="674" VPOS="618" WIDTH="12"/>
						<String ID="P55_ST00128" HPOS="686" VPOS="586" WIDTH="27" HEIGHT="23" CONTENT="to" WC="0.83" CC="03"/>
						<SP ID="P55_SP00114" HPOS="713" VPOS="618" WIDTH="15"/>
						<String ID="P55_ST00129" HPOS="728" VPOS="583" WIDTH="98" HEIGHT="26" CONTENT="Bhatta" WC="0.72" CC="650040"/>
						<SP ID="P55_SP00115" HPOS="826" VPOS="618" WIDTH="24"/>
						<String ID="P55_ST00130" HPOS="850" VPOS="584" WIDTH="84" HEIGHT="34" CONTENT="lands," WC="0.58" CC="098061"/>
						<SP ID="P55_SP00116" HPOS="934" VPOS="618" WIDTH="22"/>
						<String ID="P55_ST00131" HPOS="956" VPOS="585" WIDTH="76" HEIGHT="26" CONTENT="lands" WC="0.63" CC="05705"/>
					</TextLine>
					<TextLine ID="P55_TL00014" HPOS="73" VPOS="624" WIDTH="960" HEIGHT="38">
						<String ID="P55_ST00132" HPOS="73" VPOS="625" WIDTH="83" HEIGHT="26" CONTENT="either" WC="0.40" CC="556737"/>
						<SP ID="P55_SP00117" HPOS="156" VPOS="651" WIDTH="14"/>
						<String ID="P55_ST00133" HPOS="170" VPOS="625" WIDTH="27" HEIGHT="26" CONTENT="in" WC="0.59" CC="16"/>
						<SP ID="P55_SP00118" HPOS="197" VPOS="651" WIDTH="29"/>
						<String ID="P55_ST00134" HPOS="226" VPOS="624" WIDTH="45" HEIGHT="27" CONTENT="the" WC="0.64" CC="360"/>
						<SP ID="P55_SP00119" HPOS="271" VPOS="651" WIDTH="24"/>
						<String ID="P55_ST00135" HPOS="295" VPOS="624" WIDTH="65" HEIGHT="27" CONTENT="beds" WC="0.75" CC="2060"/>
						<SP ID="P55_SP00120" HPOS="360" VPOS="651" WIDTH="14"/>
						<String ID="P55_ST00136" HPOS="374" VPOS="635" WIDTH="30" HEIGHT="16" CONTENT="or" WC="0.77" CC="04"/>
						<SP ID="P55_SP00121" HPOS="404" VPOS="651" WIDTH="21"/>
						<String ID="P55_ST00137" HPOS="425" VPOS="625" WIDTH="68" HEIGHT="26" CONTENT="close" WC="0.86" CC="00150"/>
						<SP ID="P55_SP00122" HPOS="493" VPOS="651" WIDTH="13"/>
						<String ID="P55_ST00138" HPOS="506" VPOS="635" WIDTH="72" HEIGHT="26" CONTENT="upon" WC="0.90" CC="4000"/>
						<SP ID="P55_SP00123" HPOS="578" VPOS="661" WIDTH="13"/>
						<String ID="P55_ST00139" HPOS="591" VPOS="626" WIDTH="45" HEIGHT="26" CONTENT="the" WC="0.75" CC="070"/>
						<SP ID="P55_SP00124" HPOS="636" VPOS="661" WIDTH="13"/>
						<String ID="P55_ST00140" HPOS="649" VPOS="626" WIDTH="83" HEIGHT="26" CONTENT="banks" WC="0.52" CC="17707"/>
						<SP ID="P55_SP00125" HPOS="732" VPOS="661" WIDTH="25"/>
						<String ID="P55_ST00141" HPOS="757" VPOS="627" WIDTH="31" HEIGHT="25" CONTENT="of" WC="0.43" CC="74"/>
						<SP ID="P55_SP00126" HPOS="788" VPOS="661" WIDTH="8"/>
						<String ID="P55_ST00142" HPOS="796" VPOS="628" WIDTH="83" HEIGHT="25" CONTENT="rivers" WC="0.68" CC="006064"/>
						<SP ID="P55_SP00127" HPOS="879" VPOS="661" WIDTH="13"/>
						<String ID="P55_ST00143" HPOS="892" VPOS="628" WIDTH="42" HEIGHT="34" CONTENT="(in" WC="0.75" CC="043"/>
						<SP ID="P55_SP00128" HPOS="934" VPOS="662" WIDTH="13"/>
						<String ID="P55_ST00144" HPOS="947" VPOS="628" WIDTH="86" HEIGHT="26" CONTENT="which" WC="0.43" CC="07577"/>
					</TextLine>
					<TextLine ID="P55_TL00015" HPOS="74" VPOS="668" WIDTH="959" HEIGHT="38">
						<String ID="P55_ST00145" HPOS="74" VPOS="679" WIDTH="60" HEIGHT="26" CONTENT="may" WC="0.64" CC="009"/>
						<SP ID="P55_SP00129" HPOS="134" VPOS="705" WIDTH="14"/>
						<String ID="P55_ST00146" HPOS="148" VPOS="669" WIDTH="31" HEIGHT="26" CONTENT="be" WC="0.42" CC="74"/>
						<SP ID="P55_SP00130" HPOS="179" VPOS="705" WIDTH="19"/>
						<String ID="P55_ST00147" HPOS="198" VPOS="668" WIDTH="124" HEIGHT="27" CONTENT="included" WC="0.65" CC="27655000"/>
						<SP ID="P55_SP00131" HPOS="322" VPOS="705" WIDTH="26"/>
						<String ID="P55_ST00148" HPOS="348" VPOS="678" WIDTH="14" HEIGHT="17" CONTENT="a" WC="1.00" CC="0"/>
						<SP ID="P55_SP00132" HPOS="362" VPOS="705" WIDTH="14"/>
						<String ID="P55_ST00149" HPOS="376" VPOS="668" WIDTH="50" HEIGHT="27" CONTENT="few" WC="0.74" CC="700"/>
						<SP ID="P55_SP00133" HPOS="426" VPOS="705" WIDTH="15"/>
						<String ID="P55_ST00150" HPOS="441" VPOS="669" WIDTH="44" HEIGHT="26" CONTENT="old" WC="0.68" CC="260"/>
						<SP ID="P55_SP00134" HPOS="485" VPOS="705" WIDTH="18"/>
						<String ID="P55_ST00151" HPOS="503" VPOS="670" WIDTH="72" HEIGHT="25" CONTENT="river" WC="0.68" CC="40065"/>
						<SP ID="P55_SP00135" HPOS="575" VPOS="705" WIDTH="27"/>
						<String ID="P55_ST00152" HPOS="602" VPOS="679" WIDTH="115" HEIGHT="25" CONTENT="courses," WC="0.57" CC="04467064"/>
						<SP ID="P55_SP00136" HPOS="717" VPOS="705" WIDTH="16"/>
						<String ID="P55_ST00153" HPOS="733" VPOS="670" WIDTH="98" HEIGHT="35" CONTENT="which," WC="0.61" CC="064074"/>
						<SP ID="P55_SP00137" HPOS="831" VPOS="705" WIDTH="26"/>
						<String ID="P55_ST00154" HPOS="857" VPOS="670" WIDTH="103" HEIGHT="36" CONTENT="though" WC="0.83" CC="061001"/>
						<SP ID="P55_SP00138" HPOS="960" VPOS="706" WIDTH="24"/>
						<String ID="P55_ST00155" HPOS="984" VPOS="671" WIDTH="49" HEIGHT="35" CONTENT="dry" WC="0.19" CC="949"/>
					</TextLine>
					<TextLine ID="P55_TL00016" HPOS="73" VPOS="712" WIDTH="959" HEIGHT="37">
						<String ID="P55_ST00156" HPOS="73" VPOS="714" WIDTH="40" HEIGHT="26" CONTENT="for" WC="0.73" CC="034"/>
						<SP ID="P55_SP00139" HPOS="113" VPOS="740" WIDTH="13"/>
						<String ID="P55_ST00157" HPOS="126" VPOS="713" WIDTH="45" HEIGHT="27" CONTENT="the" WC="0.52" CC="372"/>
						<SP ID="P55_SP00140" HPOS="171" VPOS="740" WIDTH="12"/>
						<String ID="P55_ST00158" HPOS="183" VPOS="717" WIDTH="69" HEIGHT="22" CONTENT="most" WC="0.69" CC="0065"/>
						<SP ID="P55_SP00141" HPOS="252" VPOS="740" WIDTH="13"/>
						<String ID="P55_ST00159" HPOS="265" VPOS="717" WIDTH="60" HEIGHT="32" CONTENT="part" WC="0.94" CC="0200"/>
						<SP ID="P55_SP00142" HPOS="325" VPOS="749" WIDTH="12"/>
						<String ID="P55_ST00160" HPOS="337" VPOS="712" WIDTH="32" HEIGHT="27" CONTENT="of" WC="1.00" CC="00"/>
						<SP ID="P55_SP00143" HPOS="369" VPOS="749" WIDTH="10"/>
						<String ID="P55_ST00161" HPOS="379" VPOS="713" WIDTH="43" HEIGHT="26" CONTENT="the" WC="0.66" CC="370"/>
						<SP ID="P55_SP00144" HPOS="422" VPOS="749" WIDTH="13"/>
						<String ID="P55_ST00162" HPOS="435" VPOS="723" WIDTH="74" HEIGHT="25" CONTENT="year," WC="0.68" CC="00563"/>
						<SP ID="P55_SP00145" HPOS="509" VPOS="749" WIDTH="21"/>
						<String ID="P55_ST00163" HPOS="530" VPOS="713" WIDTH="54" HEIGHT="26" CONTENT="still" WC="0.78" CC="52200"/>
						<SP ID="P55_SP00146" HPOS="584" VPOS="749" WIDTH="13"/>
						<String ID="P55_ST00164" HPOS="597" VPOS="713" WIDTH="66" HEIGHT="26" CONTENT="have" WC="0.81" CC="7000"/>
						<SP ID="P55_SP00147" HPOS="663" VPOS="749" WIDTH="21"/>
						<String ID="P55_ST00165" HPOS="684" VPOS="717" WIDTH="82" HEIGHT="22" CONTENT="water" WC="0.58" CC="09505"/>
						<SP ID="P55_SP00148" HPOS="766" VPOS="749" WIDTH="22"/>
						<String ID="P55_ST00166" HPOS="788" VPOS="713" WIDTH="107" HEIGHT="36" CONTENT="flowing" WC="0.64" CC="5520380"/>
						<SP ID="P55_SP00149" HPOS="895" VPOS="749" WIDTH="13"/>
						<String ID="P55_ST00167" HPOS="908" VPOS="715" WIDTH="27" HEIGHT="24" CONTENT="in" WC="1.00" CC="00"/>
						<SP ID="P55_SP00150" HPOS="935" VPOS="749" WIDTH="26"/>
						<String ID="P55_ST00168" HPOS="961" VPOS="714" WIDTH="71" HEIGHT="26" CONTENT="them" WC="0.52" CC="2735"/>
					</TextLine>
					<TextLine ID="P55_TL00017" HPOS="74" VPOS="756" WIDTH="959" HEIGHT="36">
						<String ID="P55_ST00169" HPOS="74" VPOS="759" WIDTH="26" HEIGHT="25" CONTENT="in" WC="0.39" CC="47"/>
						<SP ID="P55_SP00151" HPOS="100" VPOS="784" WIDTH="25"/>
						<String ID="P55_ST00170" HPOS="125" VPOS="757" WIDTH="44" HEIGHT="27" CONTENT="the" WC="0.66" CC="270"/>
						<SP ID="P55_SP00152" HPOS="169" VPOS="784" WIDTH="22"/>
						<String ID="P55_ST00171" HPOS="191" VPOS="767" WIDTH="129" HEIGHT="17" CONTENT="monsoon" WC="0.70" CC="0504730"/>
						<SP ID="P55_SP00153" HPOS="320" VPOS="784" WIDTH="26"/>
						<String ID="P55_ST00172" HPOS="346" VPOS="756" WIDTH="114" HEIGHT="36" CONTENT="freshes)" WC="0.73" CC="33065020"/>
						<SP ID="P55_SP00154" HPOS="460" VPOS="792" WIDTH="26"/>
						<String ID="P55_ST00173" HPOS="486" VPOS="757" WIDTH="89" HEIGHT="26" CONTENT="where" WC="0.71" CC="91201"/>
						<SP ID="P55_SP00155" HPOS="575" VPOS="792" WIDTH="24"/>
						<String ID="P55_ST00174" HPOS="599" VPOS="760" WIDTH="82" HEIGHT="24" CONTENT="water" WC="0.78" CC="00514"/>
						<SP ID="P55_SP00156" HPOS="681" VPOS="792" WIDTH="26"/>
						<String ID="P55_ST00175" HPOS="707" VPOS="757" WIDTH="22" HEIGHT="26" CONTENT="is" WC="0.72" CC="05"/>
						<SP ID="P55_SP00157" HPOS="729" VPOS="792" WIDTH="17"/>
						<String ID="P55_ST00176" HPOS="746" VPOS="756" WIDTH="123" HEIGHT="27" CONTENT="obtained" WC="0.63" CC="07404840"/>
						<SP ID="P55_SP00158" HPOS="869" VPOS="792" WIDTH="24"/>
						<String ID="P55_ST00177" HPOS="893" VPOS="761" WIDTH="47" HEIGHT="23" CONTENT="not" WC="0.36" CC="755"/>
						<SP ID="P55_SP00159" HPOS="940" VPOS="792" WIDTH="24"/>
						<String ID="P55_ST00178" HPOS="964" VPOS="757" WIDTH="69" HEIGHT="27" CONTENT="from" WC="0.69" CC="6600"/>
					</TextLine>
					<TextLine ID="P55_TL00018" HPOS="74" VPOS="800" WIDTH="464" HEIGHT="36">
						<String ID="P55_ST00179" HPOS="74" VPOS="802" WIDTH="114" HEIGHT="34" CONTENT="springs," WC="0.71" CC="60150062"/>
						<SP ID="P55_SP00160" HPOS="188" VPOS="836" WIDTH="13"/>
						<String ID="P55_ST00180" HPOS="201" VPOS="801" WIDTH="49" HEIGHT="27" CONTENT="but" WC="0.60" CC="470"/>
						<SP ID="P55_SP00161" HPOS="250" VPOS="836" WIDTH="13"/>
						<String ID="P55_ST00181" HPOS="263" VPOS="801" WIDTH="69" HEIGHT="26" CONTENT="from" WC="0.85" CC="1102"/>
						<SP ID="P55_SP00162" HPOS="332" VPOS="836" WIDTH="13"/>
						<String ID="P55_ST00182" HPOS="345" VPOS="800" WIDTH="193" HEIGHT="36" CONTENT='percolation."' WC="0.74" CC="0000533051325"/>
					</TextLine>
				</TextBlock>
				<TextBlock ID="P55_TB00004" HPOS="75" VPOS="842" WIDTH="963" HEIGHT="866" STYLEREFS="TXT_1 PAR_LEFT">
					<TextLine ID="P55_TL00019" HPOS="111" VPOS="843" WIDTH="921" HEIGHT="38">
						<String ID="P55_ST00183" HPOS="111" VPOS="845" WIDTH="99" HEIGHT="36" CONTENT="Again," WC="0.80" CC="000442"/>
						<SP ID="P55_SP00163" HPOS="210" VPOS="881" WIDTH="14"/>
						<String ID="P55_ST00184" HPOS="224" VPOS="844" WIDTH="74" HEIGHT="27" CONTENT="there" WC="0.54" CC="57063"/>
						<SP ID="P55_SP00164" HPOS="298" VPOS="881" WIDTH="13"/>
						<String ID="P55_ST00185" HPOS="311" VPOS="844" WIDTH="22" HEIGHT="27" CONTENT="is" WC="0.62" CC="15"/>
						<SP ID="P55_SP00165" HPOS="333" VPOS="881" WIDTH="15"/>
						<String ID="P55_ST00186" HPOS="348" VPOS="844" WIDTH="111" HEIGHT="26" CONTENT="another" WC="0.61" CC="3006708"/>
						<SP ID="P55_SP00166" HPOS="459" VPOS="881" WIDTH="12"/>
						<String ID="P55_ST00187" HPOS="471" VPOS="843" WIDTH="127" HEIGHT="35" CONTENT="practical" WC="0.95" CC="030000000"/>
						<SP ID="P55_SP00167" HPOS="598" VPOS="881" WIDTH="14"/>
						<String ID="P55_ST00188" HPOS="612" VPOS="843" WIDTH="129" HEIGHT="35" CONTENT="difficulty" WC="0.83" CC="0100006520"/>
						<SP ID="P55_SP00168" HPOS="741" VPOS="881" WIDTH="13"/>
						<String ID="P55_ST00189" HPOS="754" VPOS="844" WIDTH="27" HEIGHT="25" CONTENT="in" WC="0.44" CC="28"/>
						<SP ID="P55_SP00169" HPOS="781" VPOS="881" WIDTH="14"/>
						<String ID="P55_ST00190" HPOS="795" VPOS="843" WIDTH="95" HEIGHT="34" CONTENT="regard" WC="0.87" CC="100600"/>
						<SP ID="P55_SP00170" HPOS="890" VPOS="881" WIDTH="12"/>
						<String ID="P55_ST00191" HPOS="902" VPOS="845" WIDTH="26" HEIGHT="24" CONTENT="to" WC="0.78" CC="04"/>
						<SP ID="P55_SP00171" HPOS="928" VPOS="881" WIDTH="14"/>
						<String ID="P55_ST00192" HPOS="942" VPOS="843" WIDTH="90" HEIGHT="27" CONTENT="classi" SUBS_TYPE="HypPart1" SUBS_CONTENT="classifying" WC="0.60" CC="4365610"/>
						<HYP CONTENT="-"/>
					</TextLine>
					<TextLine ID="P55_TL00020" HPOS="76" VPOS="886" WIDTH="957" HEIGHT="39">
						<String ID="P55_ST00193" HPOS="76" VPOS="889" WIDTH="77" HEIGHT="36" CONTENT="fying" SUBS_TYPE="HypPart2" SUBS_CONTENT="classifying" WC="0.58" CC="79200"/>
						<SP ID="P55_SP00172" HPOS="153" VPOS="925" WIDTH="19"/>
						<String ID="P55_ST00194" HPOS="172" VPOS="889" WIDTH="76" HEIGHT="26" CONTENT="lands" WC="0.66" CC="00709"/>
						<SP ID="P55_SP00173" HPOS="248" VPOS="925" WIDTH="12"/>
						<String ID="P55_ST00195" HPOS="260" VPOS="888" WIDTH="144" HEIGHT="35" CONTENT="according" WC="0.85" CC="000060070"/>
						<SP ID="P55_SP00174" HPOS="404" VPOS="925" WIDTH="12"/>
						<String ID="P55_ST00196" HPOS="416" VPOS="891" WIDTH="28" HEIGHT="23" CONTENT="to" WC="1.00" CC="00"/>
						<SP ID="P55_SP00175" HPOS="444" VPOS="925" WIDTH="15"/>
						<String ID="P55_ST00197" HPOS="459" VPOS="888" WIDTH="68" HEIGHT="25" CONTENT="their" WC="0.53" CC="55065"/>
						<SP ID="P55_SP00176" HPOS="527" VPOS="925" WIDTH="25"/>
						<String ID="P55_ST00198" HPOS="552" VPOS="891" WIDTH="82" HEIGHT="22" CONTENT="water" WC="0.83" CC="08000"/>
						<SP ID="P55_SP00177" HPOS="634" VPOS="925" WIDTH="13"/>
						<String ID="P55_ST00199" HPOS="647" VPOS="886" WIDTH="120" HEIGHT="26" CONTENT="facilities" WC="0.62" CC="6903260405"/>
						<SP ID="P55_SP00178" HPOS="767" VPOS="925" WIDTH="15"/>
						<String ID="P55_ST00200" HPOS="782" VPOS="886" WIDTH="86" HEIGHT="26" CONTENT="which" WC="0.51" CC="06556"/>
						<SP ID="P55_SP00179" HPOS="868" VPOS="925" WIDTH="13"/>
						<String ID="P55_ST00201" HPOS="881" VPOS="886" WIDTH="44" HEIGHT="26" CONTENT="the" WC="0.84" CC="040"/>
						<SP ID="P55_SP00180" HPOS="925" VPOS="925" WIDTH="14"/>
						<String ID="P55_ST00202" HPOS="939" VPOS="886" WIDTH="94" HEIGHT="26" CONTENT="classer" WC="0.64" CC="2207606"/>
					</TextLine>
					<TextLine ID="P55_TL00021" HPOS="78" VPOS="929" WIDTH="955" HEIGHT="39">
						<String ID="P55_ST00203" HPOS="78" VPOS="937" WIDTH="94" HEIGHT="23" CONTENT="cannot" WC="0.60" CC="300864"/>
						<SP ID="P55_SP00181" HPOS="172" VPOS="960" WIDTH="22"/>
						<String ID="P55_ST00204" HPOS="194" VPOS="933" WIDTH="99" HEIGHT="35" CONTENT="always" WC="0.74" CC="008006"/>
						<SP ID="P55_SP00182" HPOS="293" VPOS="968" WIDTH="25"/>
						<String ID="P55_ST00205" HPOS="318" VPOS="935" WIDTH="45" HEIGHT="32" CONTENT="gel" WC="0.70" CC="800"/>
						<SP ID="P55_SP00183" HPOS="363" VPOS="968" WIDTH="13"/>
						<String ID="P55_ST00206" HPOS="376" VPOS="941" WIDTH="72" HEIGHT="25" CONTENT="over," WC="0.56" CC="39044"/>
						<SP ID="P55_SP00184" HPOS="448" VPOS="968" WIDTH="28"/>
						<String ID="P55_ST00207" HPOS="476" VPOS="931" WIDTH="52" HEIGHT="26" CONTENT="and" WC="1.00" CC="000"/>
						<SP ID="P55_SP00185" HPOS="528" VPOS="968" WIDTH="14"/>
						<String ID="P55_ST00208" HPOS="542" VPOS="930" WIDTH="56" HEIGHT="26" CONTENT="that" WC="0.71" CC="3700"/>
						<SP ID="P55_SP00186" HPOS="598" VPOS="968" WIDTH="16"/>
						<String ID="P55_ST00209" HPOS="614" VPOS="930" WIDTH="22" HEIGHT="26" CONTENT="is" WC="0.87" CC="02"/>
						<SP ID="P55_SP00187" HPOS="636" VPOS="968" WIDTH="11"/>
						<String ID="P55_ST00210" HPOS="647" VPOS="931" WIDTH="27" HEIGHT="24" CONTENT="in" WC="0.52" CC="26"/>
						<SP ID="P55_SP00188" HPOS="674" VPOS="968" WIDTH="11"/>
						<String ID="P55_ST00211" HPOS="685" VPOS="929" WIDTH="44" HEIGHT="27" CONTENT="the" WC="0.67" CC="170"/>
						<SP ID="P55_SP00189" HPOS="729" VPOS="968" WIDTH="14"/>
						<String ID="P55_ST00212" HPOS="743" VPOS="938" WIDTH="58" HEIGHT="17" CONTENT="case" WC="0.88" CC="0040"/>
						<SP ID="P55_SP00190" HPOS="801" VPOS="968" WIDTH="9"/>
						<String ID="P55_ST00213" HPOS="810" VPOS="929" WIDTH="30" HEIGHT="26" CONTENT="of" WC="0.54" CC="44"/>
						<SP ID="P55_SP00191" HPOS="840" VPOS="968" WIDTH="9"/>
						<String ID="P55_ST00214" HPOS="849" VPOS="929" WIDTH="75" HEIGHT="26" CONTENT="lands" WC="0.76" CC="10307"/>
						<SP ID="P55_SP00192" HPOS="924" VPOS="968" WIDTH="21"/>
						<String ID="P55_ST00215" HPOS="945" VPOS="929" WIDTH="88" HEIGHT="26" CONTENT="whore" WC="0.31" CC="95863"/>
					</TextLine>
					<TextLine ID="P55_TL00022" HPOS="77" VPOS="972" WIDTH="956" HEIGHT="37">
						<String ID="P55_ST00216" HPOS="77" VPOS="977" WIDTH="72" HEIGHT="27" CONTENT="there" WC="0.78" CC="17010"/>
						<SP ID="P55_SP00193" HPOS="149" VPOS="1004" WIDTH="24"/>
						<String ID="P55_ST00217" HPOS="173" VPOS="987" WIDTH="45" HEIGHT="16" CONTENT="are" WC="0.64" CC="720"/>
						<SP ID="P55_SP00194" HPOS="218" VPOS="1004" WIDTH="14"/>
						<String ID="P55_ST00218" HPOS="232" VPOS="987" WIDTH="34" HEIGHT="15" CONTENT="no" WC="1.00" CC="00"/>
						<SP ID="P55_SP00195" HPOS="266" VPOS="1004" WIDTH="22"/>
						<String ID="P55_ST00219" HPOS="288" VPOS="976" WIDTH="78" HEIGHT="26" CONTENT="wells." WC="0.75" CC="006350"/>
						<SP ID="P55_SP00196" HPOS="366" VPOS="1004" WIDTH="41"/>
						<String ID="P55_ST00220" HPOS="407" VPOS="975" WIDTH="63" HEIGHT="26" CONTENT="And" WC="0.76" CC="070"/>
						<SP ID="P55_SP00197" HPOS="470" VPOS="1004" WIDTH="22"/>
						<String ID="P55_ST00221" HPOS="492" VPOS="974" WIDTH="102" HEIGHT="35" CONTENT="though" WC="0.62" CC="170606"/>
						<SP ID="P55_SP00198" HPOS="594" VPOS="1009" WIDTH="19"/>
						<String ID="P55_ST00222" HPOS="613" VPOS="973" WIDTH="73" HEIGHT="26" CONTENT="there" WC="0.63" CC="27520"/>
						<SP ID="P55_SP00199" HPOS="686" VPOS="1009" WIDTH="23"/>
						<String ID="P55_ST00223" HPOS="709" VPOS="982" WIDTH="43" HEIGHT="17" CONTENT="are" WC="0.79" CC="500"/>
						<SP ID="P55_SP00200" HPOS="752" VPOS="1009" WIDTH="13"/>
						<String ID="P55_ST00224" HPOS="765" VPOS="982" WIDTH="35" HEIGHT="17" CONTENT="no" WC="0.46" CC="46"/>
						<SP ID="P55_SP00201" HPOS="800" VPOS="1009" WIDTH="24"/>
						<String ID="P55_ST00225" HPOS="824" VPOS="972" WIDTH="82" HEIGHT="34" CONTENT="wells," WC="0.76" CC="000283"/>
						<SP ID="P55_SP00202" HPOS="906" VPOS="1009" WIDTH="26"/>
						<String ID="P55_ST00226" HPOS="932" VPOS="975" WIDTH="46" HEIGHT="32" CONTENT="yet" WC="0.50" CC="904"/>
						<SP ID="P55_SP00203" HPOS="978" VPOS="1009" WIDTH="12"/>
						<String ID="P55_ST00227" HPOS="990" VPOS="972" WIDTH="43" HEIGHT="27" CONTENT="the" WC="0.52" CC="077"/>
					</TextLine>
					<TextLine ID="P55_TL00023" HPOS="76" VPOS="1016" WIDTH="957" HEIGHT="40">
						<String ID="P55_ST00228" HPOS="76" VPOS="1027" WIDTH="81" HEIGHT="21" CONTENT="water" WC="1.00" CC="00000"/>
						<SP ID="P55_SP00204" HPOS="157" VPOS="1048" WIDTH="13"/>
						<String ID="P55_ST00229" HPOS="170" VPOS="1021" WIDTH="120" HEIGHT="35" CONTENT="capacity" WC="0.67" CC="05000459"/>
						<SP ID="P55_SP00205" HPOS="290" VPOS="1056" WIDTH="14"/>
						<String ID="P55_ST00230" HPOS="304" VPOS="1020" WIDTH="30" HEIGHT="26" CONTENT="of" WC="0.39" CC="75"/>
						<SP ID="P55_SP00206" HPOS="334" VPOS="1056" WIDTH="9"/>
						<String ID="P55_ST00231" HPOS="343" VPOS="1020" WIDTH="44" HEIGHT="26" CONTENT="the" WC="0.84" CC="120"/>
						<SP ID="P55_SP00207" HPOS="387" VPOS="1056" WIDTH="13"/>
						<String ID="P55_ST00232" HPOS="400" VPOS="1019" WIDTH="76" HEIGHT="26" CONTENT="lands" WC="0.74" CC="60203"/>
						<SP ID="P55_SP00208" HPOS="476" VPOS="1056" WIDTH="14"/>
						<String ID="P55_ST00233" HPOS="490" VPOS="1022" WIDTH="71" HEIGHT="22" CONTENT="must" WC="0.62" CC="6530"/>
						<SP ID="P55_SP00209" HPOS="561" VPOS="1056" WIDTH="15"/>
						<String ID="P55_ST00234" HPOS="576" VPOS="1018" WIDTH="33" HEIGHT="25" CONTENT="be" WC="0.63" CC="70"/>
						<SP ID="P55_SP00210" HPOS="609" VPOS="1056" WIDTH="14"/>
						<String ID="P55_ST00235" HPOS="623" VPOS="1016" WIDTH="163" HEIGHT="27" CONTENT="determined" WC="0.67" CC="7080602520"/>
						<SP ID="P55_SP00211" HPOS="786" VPOS="1056" WIDTH="11"/>
						<String ID="P55_ST00236" HPOS="797" VPOS="1016" WIDTH="6" HEIGHT="27" CONTENT="!" WC="0.89" CC="1"/>
						<SP ID="P55_SP00212" HPOS="803" VPOS="1056" WIDTH="33"/>
						<String ID="P55_ST00237" HPOS="836" VPOS="1016" WIDTH="67" HEIGHT="27" CONTENT="Now" WC="0.43" CC="079"/>
						<SP ID="P55_SP00213" HPOS="903" VPOS="1056" WIDTH="12"/>
						<String ID="P55_ST00238" HPOS="915" VPOS="1017" WIDTH="17" HEIGHT="14" CONTENT='"' WC="0.54" CC="4"/>
						<SP ID="P55_SP00214" HPOS="932" VPOS="1056" WIDTH="12"/>
						<String ID="P55_ST00239" HPOS="944" VPOS="1016" WIDTH="89" HEIGHT="34" CONTENT='how,"' WC="0.42" CC="73944"/>
					</TextLine>
					<TextLine ID="P55_TL00024" HPOS="78" VPOS="1060" WIDTH="955" HEIGHT="40">
						<String ID="P55_ST00240" HPOS="78" VPOS="1076" WIDTH="28" HEIGHT="17" CONTENT="as" WC="0.92" CC="01"/>
						<SP ID="P55_SP00215" HPOS="106" VPOS="1093" WIDTH="13"/>
						<String ID="P55_ST00241" HPOS="119" VPOS="1065" WIDTH="44" HEIGHT="27" CONTENT="the" WC="0.78" CC="060"/>
						<SP ID="P55_SP00216" HPOS="163" VPOS="1093" WIDTH="14"/>
						<String ID="P55_ST00242" HPOS="177" VPOS="1065" WIDTH="121" HEIGHT="35" CONTENT="question" WC="0.50" CC="80075655"/>
						<SP ID="P55_SP00217" HPOS="298" VPOS="1100" WIDTH="12"/>
						<String ID="P55_ST00243" HPOS="310" VPOS="1064" WIDTH="47" HEIGHT="26" CONTENT="has" WC="0.42" CC="654"/>
						<SP ID="P55_SP00218" HPOS="357" VPOS="1100" WIDTH="14"/>
						<String ID="P55_ST00244" HPOS="371" VPOS="1064" WIDTH="66" HEIGHT="26" CONTENT="been" WC="0.80" CC="4003"/>
						<SP ID="P55_SP00219" HPOS="437" VPOS="1100" WIDTH="13"/>
						<String ID="P55_ST00245" HPOS="450" VPOS="1062" WIDTH="103" HEIGHT="36" CONTENT="rightly" WC="0.56" CC="3506409"/>
						<SP ID="P55_SP00220" HPOS="553" VPOS="1100" WIDTH="16"/>
						<String ID="P55_ST00246" HPOS="569" VPOS="1065" WIDTH="49" HEIGHT="32" CONTENT="put" WC="0.54" CC="264"/>
						<SP ID="P55_SP00221" HPOS="618" VPOS="1100" WIDTH="12"/>
						<String ID="P55_ST00247" HPOS="630" VPOS="1061" WIDTH="36" HEIGHT="35" CONTENT="by" WC="0.70" CC="60"/>
						<SP ID="P55_SP00222" HPOS="666" VPOS="1100" WIDTH="14"/>
						<String ID="P55_ST00248" HPOS="680" VPOS="1060" WIDTH="50" HEIGHT="27" CONTENT="Mr." WC="0.81" CC="050"/>
						<SP ID="P55_SP00223" HPOS="730" VPOS="1100" WIDTH="18"/>
						<String ID="P55_ST00249" HPOS="748" VPOS="1060" WIDTH="111" HEIGHT="34" CONTENT="Rogers," WC="0.72" CC="6300350"/>
						<SP ID="P55_SP00224" HPOS="859" VPOS="1100" WIDTH="11"/>
						<String ID="P55_ST00250" HPOS="870" VPOS="1060" WIDTH="83" HEIGHT="27" CONTENT='"how' WC="0.32" CC="4759"/>
						<SP ID="P55_SP00225" HPOS="953" VPOS="1100" WIDTH="14"/>
						<String ID="P55_ST00251" HPOS="967" VPOS="1060" WIDTH="22" HEIGHT="26" CONTENT="is" WC="0.40" CC="56"/>
						<SP ID="P55_SP00226" HPOS="989" VPOS="1100" WIDTH="11"/>
						<String ID="P55_ST00252" HPOS="1000" VPOS="1060" WIDTH="33" HEIGHT="26" CONTENT="he" WC="0.63" CC="70"/>
					</TextLine>
					<TextLine ID="P55_TL00025" HPOS="78" VPOS="1104" WIDTH="955" HEIGHT="41">
						<String ID="P55_ST00253" HPOS="78" VPOS="1109" WIDTH="59" HEIGHT="36" CONTENT="(the" WC="0.60" CC="4470"/>
						<SP ID="P55_SP00227" HPOS="137" VPOS="1145" WIDTH="13"/>
						<String ID="P55_ST00254" HPOS="150" VPOS="1109" WIDTH="108" HEIGHT="34" CONTENT="classer)" WC="0.58" CC="20756623"/>
						<SP ID="P55_SP00228" HPOS="258" VPOS="1145" WIDTH="15"/>
						<String ID="P55_ST00255" HPOS="273" VPOS="1111" WIDTH="26" HEIGHT="23" CONTENT="to" WC="0.71" CC="50"/>
						<SP ID="P55_SP00229" HPOS="299" VPOS="1145" WIDTH="16"/>
						<String ID="P55_ST00256" HPOS="315" VPOS="1108" WIDTH="45" HEIGHT="26" CONTENT="tell" WC="0.84" CC="3003"/>
						<SP ID="P55_SP00230" HPOS="360" VPOS="1145" WIDTH="13"/>
						<String ID="P55_ST00257" HPOS="373" VPOS="1107" WIDTH="45" HEIGHT="26" CONTENT="the" WC="0.59" CC="065"/>
						<SP ID="P55_SP00231" HPOS="418" VPOS="1145" WIDTH="11"/>
						<String ID="P55_ST00258" HPOS="429" VPOS="1106" WIDTH="83" HEIGHT="36" CONTENT="depth" WC="0.77" CC="00037"/>
						<SP ID="P55_SP00232" HPOS="512" VPOS="1145" WIDTH="13"/>
						<String ID="P55_ST00259" HPOS="525" VPOS="1105" WIDTH="32" HEIGHT="26" CONTENT="of" WC="1.00" CC="00"/>
						<SP ID="P55_SP00233" HPOS="557" VPOS="1145" WIDTH="16"/>
						<String ID="P55_ST00260" HPOS="573" VPOS="1108" WIDTH="82" HEIGHT="23" CONTENT="water" WC="0.55" CC="95106"/>
						<SP ID="P55_SP00234" HPOS="655" VPOS="1145" WIDTH="25"/>
						<String ID="P55_ST00261" HPOS="680" VPOS="1104" WIDTH="69" HEIGHT="27" CONTENT="from" WC="0.91" CC="1100"/>
						<SP ID="P55_SP00235" HPOS="749" VPOS="1145" WIDTH="25"/>
						<String ID="P55_ST00262" HPOS="774" VPOS="1104" WIDTH="44" HEIGHT="26" CONTENT="the" WC="0.57" CC="570"/>
						<SP ID="P55_SP00236" HPOS="818" VPOS="1145" WIDTH="14"/>
						<String ID="P55_ST00263" HPOS="832" VPOS="1104" WIDTH="111" HEIGHT="33" CONTENT="surface," WC="0.66" CC="45460700"/>
						<SP ID="P55_SP00237" HPOS="943" VPOS="1145" WIDTH="13"/>
						<String ID="P55_ST00264" HPOS="956" VPOS="1114" WIDTH="30" HEIGHT="16" CONTENT="or" WC="0.73" CC="05"/>
						<SP ID="P55_SP00238" HPOS="986" VPOS="1145" WIDTH="14"/>
						<String ID="P55_ST00265" HPOS="1000" VPOS="1104" WIDTH="33" HEIGHT="26" CONTENT="its" WC="0.33" CC="549"/>
					</TextLine>
					<TextLine ID="P55_TL00026" HPOS="76" VPOS="1148" WIDTH="957" HEIGHT="42">
						<String ID="P55_ST00266" HPOS="76" VPOS="1154" WIDTH="101" HEIGHT="36" CONTENT="quality" WC="0.55" CC="6700439"/>
						<SP ID="P55_SP00239" HPOS="177" VPOS="1190" WIDTH="12"/>
						<String ID="P55_ST00267" HPOS="189" VPOS="1154" WIDTH="27" HEIGHT="25" CONTENT="in" WC="0.76" CC="04"/>
						<SP ID="P55_SP00240" HPOS="216" VPOS="1190" WIDTH="15"/>
						<String ID="P55_ST00268" HPOS="231" VPOS="1163" WIDTH="52" HEIGHT="25" CONTENT="any" WC="0.52" CC="409"/>
						<SP ID="P55_SP00241" HPOS="283" VPOS="1190" WIDTH="14"/>
						<String ID="P55_ST00269" HPOS="297" VPOS="1152" WIDTH="62" HEIGHT="27" CONTENT="field" WC="0.60" CC="33048"/>
						<SP ID="P55_SP00242" HPOS="359" VPOS="1190" WIDTH="7"/>
						<String ID="P55_ST00270" HPOS="366" VPOS="1153" WIDTH="27" HEIGHT="24" CONTENT="in" WC="0.56" CC="35"/>
						<SP ID="P55_SP00243" HPOS="393" VPOS="1190" WIDTH="11"/>
						<String ID="P55_ST00271" HPOS="404" VPOS="1151" WIDTH="87" HEIGHT="26" CONTENT="which" WC="0.70" CC="07007"/>
						<SP ID="P55_SP00244" HPOS="491" VPOS="1190" WIDTH="9"/>
						<String ID="P55_ST00272" HPOS="500" VPOS="1150" WIDTH="73" HEIGHT="26" CONTENT="there" WC="0.67" CC="97000"/>
						<SP ID="P55_SP00245" HPOS="573" VPOS="1190" WIDTH="11"/>
						<String ID="P55_ST00273" HPOS="584" VPOS="1150" WIDTH="22" HEIGHT="26" CONTENT="is" WC="0.78" CC="40"/>
						<SP ID="P55_SP00246" HPOS="606" VPOS="1190" WIDTH="12"/>
						<String ID="P55_ST00274" HPOS="618" VPOS="1159" WIDTH="34" HEIGHT="17" CONTENT="no" WC="0.21" CC="87"/>
						<SP ID="P55_SP00247" HPOS="652" VPOS="1190" WIDTH="12"/>
						<String ID="P55_ST00275" HPOS="664" VPOS="1148" WIDTH="58" HEIGHT="27" CONTENT="well" WC="0.81" CC="0240"/>
						<SP ID="P55_SP00248" HPOS="722" VPOS="1190" WIDTH="13"/>
						<String ID="P55_ST00276" HPOS="735" VPOS="1151" WIDTH="27" HEIGHT="24" CONTENT="to" WC="0.70" CC="41"/>
						<SP ID="P55_SP00249" HPOS="762" VPOS="1190" WIDTH="22"/>
						<String ID="P55_ST00277" HPOS="784" VPOS="1148" WIDTH="80" HEIGHT="35" CONTENT="guide" WC="0.84" CC="05200"/>
						<SP ID="P55_SP00250" HPOS="864" VPOS="1190" WIDTH="13"/>
						<String ID="P55_ST00278" HPOS="877" VPOS="1148" WIDTH="55" HEIGHT="26" CONTENT="him" WC="0.58" CC="713"/>
						<SP ID="P55_SP00251" HPOS="932" VPOS="1190" WIDTH="9"/>
						<String ID="P55_ST00279" HPOS="941" VPOS="1148" WIDTH="11" HEIGHT="26" CONTENT="?" WC="0.39" CC="6"/>
						<SP ID="P55_SP00252" HPOS="952" VPOS="1190" WIDTH="37"/>
						<String ID="P55_ST00280" HPOS="989" VPOS="1148" WIDTH="44" HEIGHT="26" CONTENT="He" WC="0.66" CC="60"/>
					</TextLine>
					<TextLine ID="P55_TL00027" HPOS="77" VPOS="1191" WIDTH="958" HEIGHT="40">
						<String ID="P55_ST00281" HPOS="77" VPOS="1198" WIDTH="30" HEIGHT="26" CONTENT="of" WC="0.64" CC="70"/>
						<SP ID="P55_SP00253" HPOS="107" VPOS="1224" WIDTH="10"/>
						<String ID="P55_ST00282" HPOS="117" VPOS="1207" WIDTH="90" HEIGHT="17" CONTENT="course" WC="0.80" CC="020062"/>
						<SP ID="P55_SP00254" HPOS="207" VPOS="1224" WIDTH="14"/>
						<String ID="P55_ST00283" HPOS="221" VPOS="1199" WIDTH="98" HEIGHT="24" CONTENT="cannot" WC="0.67" CC="060804"/>
						<SP ID="P55_SP00255" HPOS="319" VPOS="1224" WIDTH="12"/>
						<String ID="P55_ST00284" HPOS="331" VPOS="1195" WIDTH="47" HEIGHT="36" CONTENT="dig" WC="1.00" CC="000"/>
						<SP ID="P55_SP00256" HPOS="378" VPOS="1231" WIDTH="13"/>
						<String ID="P55_ST00285" HPOS="391" VPOS="1193" WIDTH="168" HEIGHT="36" CONTENT="everywhere" WC="0.70" CC="0036097010"/>
						<SP ID="P55_SP00257" HPOS="559" VPOS="1231" WIDTH="14"/>
						<String ID="P55_ST00286" HPOS="573" VPOS="1197" WIDTH="26" HEIGHT="22" CONTENT="to" WC="0.64" CC="70"/>
						<SP ID="P55_SP00258" HPOS="599" VPOS="1231" WIDTH="19"/>
						<String ID="P55_ST00287" HPOS="618" VPOS="1192" WIDTH="138" HEIGHT="33" CONTENT="ascertain," WC="0.61" CC="3602358133"/>
						<SP ID="P55_SP00259" HPOS="756" VPOS="1231" WIDTH="23"/>
						<String ID="P55_ST00288" HPOS="779" VPOS="1191" WIDTH="50" HEIGHT="26" CONTENT="and" WC="0.57" CC="570"/>
						<SP ID="P55_SP00260" HPOS="829" VPOS="1231" WIDTH="22"/>
						<String ID="P55_ST00289" HPOS="851" VPOS="1192" WIDTH="22" HEIGHT="25" CONTENT="it" WC="1.00" CC="00"/>
						<SP ID="P55_SP00261" HPOS="873" VPOS="1231" WIDTH="23"/>
						<String ID="P55_ST00290" HPOS="896" VPOS="1192" WIDTH="87" HEIGHT="25" CONTENT="would" WC="0.87" CC="00060"/>
						<SP ID="P55_SP00262" HPOS="983" VPOS="1231" WIDTH="20"/>
						<String ID="P55_ST00291" HPOS="1003" VPOS="1192" WIDTH="32" HEIGHT="26" CONTENT="be" WC="0.65" CC="24"/>
					</TextLine>
					<TextLine ID="P55_TL00028" HPOS="75" VPOS="1235" WIDTH="959" HEIGHT="41">
						<String ID="P55_ST00292" HPOS="75" VPOS="1242" WIDTH="133" HEIGHT="34" CONTENT="throwing" WC="0.63" CC="33309160"/>
						<SP ID="P55_SP00263" HPOS="208" VPOS="1276" WIDTH="12"/>
						<String ID="P55_ST00293" HPOS="220" VPOS="1244" WIDTH="44" HEIGHT="23" CONTENT="too" WC="0.69" CC="017"/>
						<SP ID="P55_SP00264" HPOS="264" VPOS="1276" WIDTH="13"/>
						<String ID="P55_ST00294" HPOS="277" VPOS="1245" WIDTH="93" HEIGHT="29" CONTENT="strong" WC="0.48" CC="770079"/>
						<SP ID="P55_SP00265" HPOS="370" VPOS="1276" WIDTH="23"/>
						<String ID="P55_ST00295" HPOS="393" VPOS="1249" WIDTH="14" HEIGHT="15" CONTENT="a" WC="1.00" CC="0"/>
						<SP ID="P55_SP00266" HPOS="407" VPOS="1276" WIDTH="13"/>
						<String ID="P55_ST00296" HPOS="420" VPOS="1237" WIDTH="159" HEIGHT="36" CONTENT="temptation" WC="0.82" CC="0207001005"/>
						<SP ID="P55_SP00267" HPOS="579" VPOS="1276" WIDTH="19"/>
						<String ID="P55_ST00297" HPOS="598" VPOS="1237" WIDTH="28" HEIGHT="26" CONTENT="in" WC="0.51" CC="26"/>
						<SP ID="P55_SP00268" HPOS="626" VPOS="1276" WIDTH="13"/>
						<String ID="P55_ST00298" HPOS="639" VPOS="1236" WIDTH="45" HEIGHT="26" CONTENT="the" WC="0.51" CC="670"/>
						<SP ID="P55_SP00269" HPOS="684" VPOS="1276" WIDTH="13"/>
						<String ID="P55_ST00299" HPOS="697" VPOS="1245" WIDTH="60" HEIGHT="25" CONTENT="way" WC="0.57" CC="750"/>
						<SP ID="P55_SP00270" HPOS="757" VPOS="1276" WIDTH="13"/>
						<String ID="P55_ST00300" HPOS="770" VPOS="1235" WIDTH="31" HEIGHT="26" CONTENT="of" WC="0.74" CC="04"/>
						<SP ID="P55_SP00271" HPOS="801" VPOS="1276" WIDTH="9"/>
						<String ID="P55_ST00301" HPOS="810" VPOS="1244" WIDTH="15" HEIGHT="16" CONTENT="a" WC="0.10" CC="8"/>
						<SP ID="P55_SP00272" HPOS="825" VPOS="1276" WIDTH="13"/>
						<String ID="P55_ST00302" HPOS="838" VPOS="1244" WIDTH="62" HEIGHT="16" CONTENT="man" WC="0.68" CC="206"/>
						<SP ID="P55_SP00273" HPOS="900" VPOS="1276" WIDTH="13"/>
						<String ID="P55_ST00303" HPOS="913" VPOS="1235" WIDTH="121" HEIGHT="35" CONTENT="drawing" WC="0.72" CC="0350540"/>
					</TextLine>
					<TextLine ID="P55_TL00029" HPOS="75" VPOS="1279" WIDTH="961" HEIGHT="42">
						<String ID="P55_ST00304" HPOS="75" VPOS="1286" WIDTH="111" HEIGHT="35" CONTENT="perhaps" WC="0.66" CC="9003009"/>
						<SP ID="P55_SP00274" HPOS="186" VPOS="1321" WIDTH="22"/>
						<String ID="P55_ST00305" HPOS="208" VPOS="1284" WIDTH="69" HEIGHT="26" CONTENT="from" WC="0.96" CC="0000"/>
						<SP ID="P55_SP00275" HPOS="277" VPOS="1321" WIDTH="27"/>
						<String ID="P55_ST00306" HPOS="304" VPOS="1284" WIDTH="34" HEIGHT="25" CONTENT="20" WC="0.65" CC="07"/>
						<SP ID="P55_SP00276" HPOS="338" VPOS="1321" WIDTH="19"/>
						<String ID="P55_ST00307" HPOS="357" VPOS="1286" WIDTH="27" HEIGHT="23" CONTENT="to" WC="0.57" CC="62"/>
						<SP ID="P55_SP00277" HPOS="384" VPOS="1321" WIDTH="13"/>
						<String ID="P55_ST00308" HPOS="397" VPOS="1282" WIDTH="36" HEIGHT="26" CONTENT="40" WC="0.22" CC="95"/>
						<SP ID="P55_SP00278" HPOS="433" VPOS="1321" WIDTH="26"/>
						<String ID="P55_ST00309" HPOS="459" VPOS="1291" WIDTH="93" HEIGHT="26" CONTENT="rupees" WC="0.88" CC="000006"/>
						<SP ID="P55_SP00279" HPOS="552" VPOS="1321" WIDTH="23"/>
						<String ID="P55_ST00310" HPOS="575" VPOS="1291" WIDTH="14" HEIGHT="16" CONTENT="a" WC="1.00" CC="0"/>
						<SP ID="P55_SP00280" HPOS="589" VPOS="1321" WIDTH="13"/>
						<String ID="P55_ST00311" HPOS="602" VPOS="1280" WIDTH="93" HEIGHT="27" CONTENT="month" WC="0.68" CC="01444"/>
						<SP ID="P55_SP00281" HPOS="695" VPOS="1321" WIDTH="22"/>
						<String ID="P55_ST00312" HPOS="717" VPOS="1284" WIDTH="26" HEIGHT="22" CONTENT="to" WC="0.68" CC="60"/>
						<SP ID="P55_SP00282" HPOS="743" VPOS="1321" WIDTH="26"/>
						<String ID="P55_ST00313" HPOS="769" VPOS="1279" WIDTH="76" HEIGHT="26" CONTENT="allow" WC="0.89" CC="01030"/>
						<SP ID="P55_SP00283" HPOS="845" VPOS="1321" WIDTH="19"/>
						<String ID="P55_ST00314" HPOS="864" VPOS="1279" WIDTH="55" HEIGHT="26" CONTENT="him" WC="0.43" CC="618"/>
						<SP ID="P55_SP00284" HPOS="919" VPOS="1321" WIDTH="13"/>
						<String ID="P55_ST00315" HPOS="932" VPOS="1282" WIDTH="27" HEIGHT="23" CONTENT="to" WC="0.55" CC="35"/>
						<SP ID="P55_SP00285" HPOS="959" VPOS="1321" WIDTH="28"/>
						<String ID="P55_ST00316" HPOS="987" VPOS="1282" WIDTH="49" HEIGHT="32" CONTENT="put" WC="0.65" CC="037"/>
					</TextLine>
					<TextLine ID="P55_TL00030" HPOS="76" VPOS="1322" WIDTH="957" HEIGHT="37">
						<String ID="P55_ST00317" HPOS="76" VPOS="1330" WIDTH="76" HEIGHT="26" CONTENT="down" WC="0.41" CC="0697"/>
						<SP ID="P55_SP00286" HPOS="152" VPOS="1356" WIDTH="23"/>
						<String ID="P55_ST00318" HPOS="175" VPOS="1328" WIDTH="41" HEIGHT="26" CONTENT="his" WC="0.46" CC="726"/>
						<SP ID="P55_SP00287" HPOS="216" VPOS="1356" WIDTH="14"/>
						<String ID="P55_ST00319" HPOS="230" VPOS="1328" WIDTH="133" HEIGHT="26" CONTENT="surmises." WC="0.64" CC="676026030"/>
						<SP ID="P55_SP00288" HPOS="363" VPOS="1356" WIDTH="41"/>
						<String ID="P55_ST00320" HPOS="404" VPOS="1325" WIDTH="110" HEIGHT="27" CONTENT="Officers" WC="0.77" CC="60000046"/>
						<SP ID="P55_SP00289" HPOS="514" VPOS="1356" WIDTH="13"/>
						<String ID="P55_ST00321" HPOS="527" VPOS="1325" WIDTH="32" HEIGHT="26" CONTENT="of" WC="0.77" CC="40"/>
						<SP ID="P55_SP00290" HPOS="559" VPOS="1356" WIDTH="20"/>
						<String ID="P55_ST00322" HPOS="579" VPOS="1324" WIDTH="95" HEIGHT="35" CONTENT="higher" WC="0.51" CC="740745"/>
						<SP ID="P55_SP00291" HPOS="674" VPOS="1359" WIDTH="21"/>
						<String ID="P55_ST00323" HPOS="695" VPOS="1323" WIDTH="68" HEIGHT="26" CONTENT="rank" WC="0.53" CC="6560"/>
						<SP ID="P55_SP00292" HPOS="763" VPOS="1359" WIDTH="17"/>
						<String ID="P55_ST00324" HPOS="780" VPOS="1323" WIDTH="82" HEIGHT="26" CONTENT="above" WC="0.75" CC="83000"/>
						<SP ID="P55_SP00293" HPOS="862" VPOS="1359" WIDTH="22"/>
						<String ID="P55_ST00325" HPOS="884" VPOS="1322" WIDTH="44" HEIGHT="26" CONTENT="the" WC="0.40" CC="565"/>
						<SP ID="P55_SP00294" HPOS="928" VPOS="1359" WIDTH="21"/>
						<String ID="P55_ST00326" HPOS="949" VPOS="1323" WIDTH="84" HEIGHT="35" CONTENT="suspi" SUBS_TYPE="HypPart1" SUBS_CONTENT="suspicion" WC="0.62" CC="254162"/>
						<HYP CONTENT="-"/>
					</TextLine>
					<TextLine ID="P55_TL00031" HPOS="76" VPOS="1366" WIDTH="961" HEIGHT="42">
						<String ID="P55_ST00327" HPOS="76" VPOS="1374" WIDTH="58" HEIGHT="26" CONTENT="cion" SUBS_TYPE="HypPart2" SUBS_CONTENT="suspicion" WC="0.75" CC="0504"/>
						<SP ID="P55_SP00295" HPOS="134" VPOS="1400" WIDTH="18"/>
						<String ID="P55_ST00328" HPOS="152" VPOS="1372" WIDTH="31" HEIGHT="26" CONTENT="of" WC="0.35" CC="39"/>
						<SP ID="P55_SP00296" HPOS="183" VPOS="1400" WIDTH="23"/>
						<String ID="P55_ST00329" HPOS="206" VPOS="1371" WIDTH="120" HEIGHT="37" CONTENT="yielding" WC="0.79" CC="94000200"/>
						<SP ID="P55_SP00297" HPOS="326" VPOS="1408" WIDTH="24"/>
						<String ID="P55_ST00330" HPOS="350" VPOS="1374" WIDTH="28" HEIGHT="23" CONTENT="to" WC="0.75" CC="04"/>
						<SP ID="P55_SP00298" HPOS="378" VPOS="1408" WIDTH="23"/>
						<String ID="P55_ST00331" HPOS="401" VPOS="1369" WIDTH="157" HEIGHT="35" CONTENT="temptation" WC="0.61" CC="4000796550"/>
						<SP ID="P55_SP00299" HPOS="558" VPOS="1408" WIDTH="26"/>
						<String ID="P55_ST00332" HPOS="584" VPOS="1367" WIDTH="88" HEIGHT="27" CONTENT="would" WC="0.60" CC="84070"/>
						<SP ID="P55_SP00300" HPOS="672" VPOS="1408" WIDTH="25"/>
						<String ID="P55_ST00333" HPOS="697" VPOS="1367" WIDTH="98" HEIGHT="35" CONTENT="simply" WC="0.54" CC="505960"/>
						<SP ID="P55_SP00301" HPOS="795" VPOS="1408" WIDTH="26"/>
						<String ID="P55_ST00334" HPOS="821" VPOS="1366" WIDTH="85" HEIGHT="26" CONTENT="throw" WC="0.44" CC="86750"/>
						<SP ID="P55_SP00302" HPOS="906" VPOS="1408" WIDTH="26"/>
						<String ID="P55_ST00335" HPOS="932" VPOS="1375" WIDTH="35" HEIGHT="26" CONTENT="up" WC="0.74" CC="50"/>
						<SP ID="P55_SP00303" HPOS="967" VPOS="1408" WIDTH="26"/>
						<String ID="P55_ST00336" HPOS="993" VPOS="1366" WIDTH="44" HEIGHT="25" CONTENT="the" WC="0.77" CC="060"/>
					</TextLine>
					<TextLine ID="P55_TL00032" HPOS="76" VPOS="1410" WIDTH="959" HEIGHT="42">
						<String ID="P55_ST00337" HPOS="76" VPOS="1419" WIDTH="111" HEIGHT="33" CONTENT="attempt" WC="0.83" CC="0532000"/>
						<SP ID="P55_SP00304" HPOS="187" VPOS="1452" WIDTH="13"/>
						<String ID="P55_ST00338" HPOS="200" VPOS="1417" WIDTH="27" HEIGHT="25" CONTENT="in" WC="0.50" CC="54"/>
						<SP ID="P55_SP00305" HPOS="227" VPOS="1452" WIDTH="14"/>
						<String ID="P55_ST00339" HPOS="241" VPOS="1414" WIDTH="134" HEIGHT="36" CONTENT='despair."' WC="0.80" CC="006043102"/>
						<SP ID="P55_SP00306" HPOS="375" VPOS="1452" WIDTH="40"/>
						<String ID="P55_ST00340" HPOS="415" VPOS="1413" WIDTH="72" HEIGHT="27" CONTENT="Such" WC="0.48" CC="7606"/>
						<SP ID="P55_SP00307" HPOS="487" VPOS="1452" WIDTH="20"/>
						<String ID="P55_ST00341" HPOS="507" VPOS="1413" WIDTH="21" HEIGHT="26" CONTENT="is" WC="0.32" CC="66"/>
						<SP ID="P55_SP00308" HPOS="528" VPOS="1452" WIDTH="14"/>
						<String ID="P55_ST00342" HPOS="542" VPOS="1412" WIDTH="44" HEIGHT="26" CONTENT="the" WC="0.58" CC="570"/>
						<SP ID="P55_SP00309" HPOS="586" VPOS="1452" WIDTH="17"/>
						<String ID="P55_ST00343" HPOS="603" VPOS="1415" WIDTH="141" HEIGHT="22" CONTENT="statement" WC="0.65" CC="759000070"/>
						<SP ID="P55_SP00310" HPOS="744" VPOS="1452" WIDTH="24"/>
						<String ID="P55_ST00344" HPOS="768" VPOS="1410" WIDTH="31" HEIGHT="27" CONTENT="of" WC="0.54" CC="35"/>
						<SP ID="P55_SP00311" HPOS="799" VPOS="1452" WIDTH="9"/>
						<String ID="P55_ST00345" HPOS="808" VPOS="1410" WIDTH="44" HEIGHT="26" CONTENT="the" WC="0.82" CC="050"/>
						<SP ID="P55_SP00312" HPOS="852" VPOS="1452" WIDTH="22"/>
						<String ID="P55_ST00346" HPOS="874" VPOS="1413" WIDTH="71" HEIGHT="23" CONTENT="most" WC="0.45" CC="4376"/>
						<SP ID="P55_SP00313" HPOS="945" VPOS="1452" WIDTH="11"/>
						<String ID="P55_ST00347" HPOS="956" VPOS="1419" WIDTH="79" HEIGHT="25" CONTENT="expe" SUBS_TYPE="HypPart1" SUBS_CONTENT="experienced" WC="0.54" CC="29900"/>
						<HYP CONTENT="-"/>
					</TextLine>
					<TextLine ID="P55_TL00033" HPOS="77" VPOS="1453" WIDTH="960" HEIGHT="37">
						<String ID="P55_ST00348" HPOS="77" VPOS="1460" WIDTH="106" HEIGHT="27" CONTENT="rienced" SUBS_TYPE="HypPart2" SUBS_CONTENT="experienced" WC="0.69" CC="4407500"/>
						<SP ID="P55_SP00314" HPOS="183" VPOS="1487" WIDTH="20"/>
						<String ID="P55_ST00349" HPOS="203" VPOS="1459" WIDTH="126" HEIGHT="26" CONTENT="Revenue" WC="0.72" CC="7000650"/>
						<SP ID="P55_SP00315" HPOS="329" VPOS="1487" WIDTH="30"/>
						<String ID="P55_ST00350" HPOS="359" VPOS="1457" WIDTH="95" HEIGHT="28" CONTENT="Officer" WC="0.70" CC="5000554"/>
						<SP ID="P55_SP00316" HPOS="454" VPOS="1487" WIDTH="21"/>
						<String ID="P55_ST00351" HPOS="475" VPOS="1457" WIDTH="28" HEIGHT="25" CONTENT="in" WC="0.46" CC="54"/>
						<SP ID="P55_SP00317" HPOS="503" VPOS="1487" WIDTH="28"/>
						<String ID="P55_ST00352" HPOS="531" VPOS="1456" WIDTH="120" HEIGHT="34" CONTENT="Gujarat." WC="0.58" CC="98104800"/>
						<SP ID="P55_SP00318" HPOS="651" VPOS="1490" WIDTH="40"/>
						<String ID="P55_ST00353" HPOS="691" VPOS="1454" WIDTH="54" HEIGHT="26" CONTENT="The" WC="0.76" CC="070"/>
						<SP ID="P55_SP00319" HPOS="745" VPOS="1490" WIDTH="23"/>
						<String ID="P55_ST00354" HPOS="768" VPOS="1453" WIDTH="76" HEIGHT="27" CONTENT="affair" WC="0.78" CC="100605"/>
						<SP ID="P55_SP00320" HPOS="844" VPOS="1490" WIDTH="26"/>
						<String ID="P55_ST00355" HPOS="870" VPOS="1453" WIDTH="31" HEIGHT="26" CONTENT="of" WC="0.87" CC="20"/>
						<SP ID="P55_SP00321" HPOS="901" VPOS="1490" WIDTH="15"/>
						<String ID="P55_ST00356" HPOS="916" VPOS="1453" WIDTH="121" HEIGHT="36" CONTENT="classify" SUBS_TYPE="HypPart1" SUBS_CONTENT="classifying" WC="0.52" CC="268664602"/>
						<HYP CONTENT="-"/>
					</TextLine>
					<TextLine ID="P55_TL00034" HPOS="77" VPOS="1496" WIDTH="960" HEIGHT="44">
						<String ID="P55_ST00357" HPOS="77" VPOS="1504" WIDTH="46" HEIGHT="36" CONTENT="ing" SUBS_TYPE="HypPart2" SUBS_CONTENT="classifying" WC="0.83" CC="500"/>
						<SP ID="P55_SP00322" HPOS="123" VPOS="1540" WIDTH="13"/>
						<String ID="P55_ST00358" HPOS="136" VPOS="1503" WIDTH="75" HEIGHT="26" CONTENT="lands" WC="0.80" CC="10700"/>
						<SP ID="P55_SP00323" HPOS="211" VPOS="1540" WIDTH="20"/>
						<String ID="P55_ST00359" HPOS="231" VPOS="1501" WIDTH="145" HEIGHT="35" CONTENT="according" WC="0.69" CC="010230379"/>
						<SP ID="P55_SP00324" HPOS="376" VPOS="1540" WIDTH="18"/>
						<String ID="P55_ST00360" HPOS="394" VPOS="1503" WIDTH="28" HEIGHT="24" CONTENT="to" WC="0.62" CC="07"/>
						<SP ID="P55_SP00325" HPOS="422" VPOS="1540" WIDTH="13"/>
						<String ID="P55_ST00361" HPOS="435" VPOS="1500" WIDTH="70" HEIGHT="26" CONTENT="their" WC="0.63" CC="06046"/>
						<SP ID="P55_SP00326" HPOS="505" VPOS="1540" WIDTH="17"/>
						<String ID="P55_ST00362" HPOS="522" VPOS="1502" WIDTH="82" HEIGHT="22" CONTENT="water" WC="0.89" CC="00005"/>
						<SP ID="P55_SP00327" HPOS="604" VPOS="1540" WIDTH="14"/>
						<String ID="P55_ST00363" HPOS="618" VPOS="1498" WIDTH="161" HEIGHT="36" CONTENT="capabilities" WC="0.77" CC="020970010007"/>
						<SP ID="P55_SP00328" HPOS="779" VPOS="1540" WIDTH="22"/>
						<String ID="P55_ST00364" HPOS="801" VPOS="1507" WIDTH="86" HEIGHT="16" CONTENT="comes" WC="0.50" CC="75065"/>
						<SP ID="P55_SP00329" HPOS="887" VPOS="1540" WIDTH="14"/>
						<String ID="P55_ST00365" HPOS="901" VPOS="1500" WIDTH="27" HEIGHT="23" CONTENT="at" WC="0.31" CC="67"/>
						<SP ID="P55_SP00330" HPOS="928" VPOS="1540" WIDTH="12"/>
						<String ID="P55_ST00366" HPOS="940" VPOS="1496" WIDTH="57" HEIGHT="27" CONTENT="best" WC="0.69" CC="4042"/>
						<SP ID="P55_SP00331" HPOS="997" VPOS="1540" WIDTH="12"/>
						<String ID="P55_ST00367" HPOS="1009" VPOS="1499" WIDTH="28" HEIGHT="24" CONTENT="to" WC="0.79" CC="04"/>
					</TextLine>
					<TextLine ID="P55_TL00035" HPOS="76" VPOS="1539" WIDTH="962" HEIGHT="38">
						<String ID="P55_ST00368" HPOS="76" VPOS="1548" WIDTH="32" HEIGHT="26" CONTENT="be" WC="0.60" CC="52"/>
						<SP ID="P55_SP00332" HPOS="108" VPOS="1574" WIDTH="13"/>
						<String ID="P55_ST00369" HPOS="121" VPOS="1557" WIDTH="48" HEIGHT="16" CONTENT="one" WC="0.78" CC="105"/>
						<SP ID="P55_SP00333" HPOS="169" VPOS="1574" WIDTH="14"/>
						<String ID="P55_ST00370" HPOS="183" VPOS="1546" WIDTH="31" HEIGHT="27" CONTENT="of" WC="0.64" CC="07"/>
						<SP ID="P55_SP00334" HPOS="214" VPOS="1574" WIDTH="11"/>
						<String ID="P55_ST00371" HPOS="225" VPOS="1546" WIDTH="17" HEIGHT="14" CONTENT='"' WC="0.56" CC="4"/>
						<SP ID="P55_SP00335" HPOS="242" VPOS="1574" WIDTH="12"/>
						<String ID="P55_ST00372" HPOS="254" VPOS="1555" WIDTH="72" HEIGHT="16" CONTENT="mere" WC="0.87" CC="0050"/>
						<SP ID="P55_SP00336" HPOS="326" VPOS="1574" WIDTH="23"/>
						<String ID="P55_ST00373" HPOS="349" VPOS="1544" WIDTH="155" HEIGHT="33" CONTENT='surmises,"' WC="0.62" CC="6500550607"/>
						<SP ID="P55_SP00337" HPOS="504" VPOS="1577" WIDTH="23"/>
						<String ID="P55_ST00374" HPOS="527" VPOS="1541" WIDTH="86" HEIGHT="27" CONTENT="which" WC="0.65" CC="06262"/>
						<SP ID="P55_SP00338" HPOS="613" VPOS="1577" WIDTH="14"/>
						<String ID="P55_ST00375" HPOS="627" VPOS="1542" WIDTH="28" HEIGHT="26" CONTENT="in" WC="0.56" CC="62"/>
						<SP ID="P55_SP00339" HPOS="655" VPOS="1577" WIDTH="12"/>
						<String ID="P55_ST00376" HPOS="667" VPOS="1541" WIDTH="46" HEIGHT="27" CONTENT="the" WC="0.77" CC="060"/>
						<SP ID="P55_SP00340" HPOS="713" VPOS="1577" WIDTH="13"/>
						<String ID="P55_ST00377" HPOS="726" VPOS="1540" WIDTH="86" HEIGHT="27" CONTENT="hands" WC="0.58" CC="70705"/>
						<SP ID="P55_SP00341" HPOS="812" VPOS="1577" WIDTH="23"/>
						<String ID="P55_ST00378" HPOS="835" VPOS="1540" WIDTH="31" HEIGHT="26" CONTENT="of" WC="0.42" CC="29"/>
						<SP ID="P55_SP00342" HPOS="866" VPOS="1577" WIDTH="16"/>
						<String ID="P55_ST00379" HPOS="882" VPOS="1539" WIDTH="156" HEIGHT="36" CONTENT="lowly-paid" WC="0.57" CC="4006909460"/>
					</TextLine>
					<TextLine ID="P55_TL00036" HPOS="78" VPOS="1582" WIDTH="959" HEIGHT="41">
						<String ID="P55_ST00380" HPOS="78" VPOS="1601" WIDTH="61" HEIGHT="16" CONTENT="men" WC="1.00" CC="000"/>
						<SP ID="P55_SP00343" HPOS="139" VPOS="1617" WIDTH="13"/>
						<String ID="P55_ST00381" HPOS="152" VPOS="1600" WIDTH="87" HEIGHT="17" CONTENT="comes" WC="0.49" CC="75066"/>
						<SP ID="P55_SP00344" HPOS="239" VPOS="1617" WIDTH="14"/>
						<String ID="P55_ST00382" HPOS="253" VPOS="1592" WIDTH="27" HEIGHT="24" CONTENT="to" WC="0.42" CC="65"/>
						<SP ID="P55_SP00345" HPOS="280" VPOS="1617" WIDTH="13"/>
						<String ID="P55_ST00383" HPOS="293" VPOS="1589" WIDTH="33" HEIGHT="26" CONTENT="be" WC="0.76" CC="40"/>
						<SP ID="P55_SP00346" HPOS="326" VPOS="1617" WIDTH="13"/>
						<String ID="P55_ST00384" HPOS="339" VPOS="1588" WIDTH="79" HEIGHT="35" CONTENT="again" WC="0.80" CC="00350"/>
						<SP ID="P55_SP00347" HPOS="418" VPOS="1623" WIDTH="14"/>
						<String ID="P55_ST00385" HPOS="432" VPOS="1597" WIDTH="33" HEIGHT="16" CONTENT="an" WC="0.68" CC="06"/>
						<SP ID="P55_SP00348" HPOS="465" VPOS="1623" WIDTH="15"/>
						<String ID="P55_ST00386" HPOS="480" VPOS="1586" WIDTH="95" HEIGHT="35" CONTENT="engine" WC="0.81" CC="050104"/>
						<SP ID="P55_SP00349" HPOS="575" VPOS="1623" WIDTH="14"/>
						<String ID="P55_ST00387" HPOS="589" VPOS="1586" WIDTH="26" HEIGHT="25" CONTENT="of" WC="0.34" CC="48"/>
						<SP ID="P55_SP00350" HPOS="615" VPOS="1623" WIDTH="10"/>
						<String ID="P55_ST00388" HPOS="625" VPOS="1584" WIDTH="161" HEIGHT="36" CONTENT="oppression," WC="0.60" CC="07940460063"/>
						<SP ID="P55_SP00351" HPOS="786" VPOS="1623" WIDTH="13"/>
						<String ID="P55_ST00389" HPOS="799" VPOS="1583" WIDTH="52" HEIGHT="26" CONTENT="and" WC="0.54" CC="570"/>
						<SP ID="P55_SP00352" HPOS="851" VPOS="1623" WIDTH="11"/>
						<String ID="P55_ST00390" HPOS="862" VPOS="1583" WIDTH="26" HEIGHT="25" CONTENT="in" WC="0.40" CC="65"/>
						<SP ID="P55_SP00353" HPOS="888" VPOS="1623" WIDTH="9"/>
						<String ID="P55_ST00391" HPOS="897" VPOS="1582" WIDTH="44" HEIGHT="26" CONTENT="the" WC="0.62" CC="631"/>
						<SP ID="P55_SP00354" HPOS="941" VPOS="1623" WIDTH="13"/>
						<String ID="P55_ST00392" HPOS="954" VPOS="1582" WIDTH="83" HEIGHT="26" CONTENT="hands" WC="0.45" CC="66607"/>
					</TextLine>
					<TextLine ID="P55_TL00037" HPOS="77" VPOS="1626" WIDTH="961" HEIGHT="41">
						<String ID="P55_ST00393" HPOS="77" VPOS="1634" WIDTH="32" HEIGHT="27" CONTENT="of" WC="0.29" CC="58"/>
						<SP ID="P55_SP00355" HPOS="109" VPOS="1661" WIDTH="8"/>
						<String ID="P55_ST00394" HPOS="117" VPOS="1634" WIDTH="73" HEIGHT="27" CONTENT="those" WC="0.50" CC="67370"/>
						<SP ID="P55_SP00356" HPOS="190" VPOS="1661" WIDTH="15"/>
						<String ID="P55_ST00395" HPOS="205" VPOS="1634" WIDTH="82" HEIGHT="26" CONTENT="above" WC="0.73" CC="05502"/>
						<SP ID="P55_SP00357" HPOS="287" VPOS="1661" WIDTH="13"/>
						<String ID="P55_ST00396" HPOS="300" VPOS="1632" WIDTH="126" HEIGHT="35" CONTENT="ordinary" WC="0.64" CC="00944900"/>
						<SP ID="P55_SP00358" HPOS="426" VPOS="1667" WIDTH="13"/>
						<String ID="P55_ST00397" HPOS="439" VPOS="1630" WIDTH="171" HEIGHT="36" CONTENT="temptations" WC="0.68" CC="00090602276"/>
						<SP ID="P55_SP00359" HPOS="610" VPOS="1667" WIDTH="14"/>
						<String ID="P55_ST00398" HPOS="624" VPOS="1639" WIDTH="16" HEIGHT="16" CONTENT="a" WC="1.00" CC="0"/>
						<SP ID="P55_SP00360" HPOS="640" VPOS="1667" WIDTH="12"/>
						<String ID="P55_ST00399" HPOS="652" VPOS="1632" WIDTH="96" HEIGHT="23" CONTENT="matter" WC="0.75" CC="304006"/>
						<SP ID="P55_SP00361" HPOS="748" VPOS="1667" WIDTH="20"/>
						<String ID="P55_ST00400" HPOS="768" VPOS="1628" WIDTH="30" HEIGHT="27" CONTENT="of" WC="0.70" CC="05"/>
						<SP ID="P55_SP00362" HPOS="798" VPOS="1667" WIDTH="17"/>
						<String ID="P55_ST00401" HPOS="815" VPOS="1627" WIDTH="112" HEIGHT="35" CONTENT="despair." WC="0.92" CC="00400010"/>
						<SP ID="P55_SP00363" HPOS="927" VPOS="1667" WIDTH="40"/>
						<String ID="P55_ST00402" HPOS="967" VPOS="1626" WIDTH="71" HEIGHT="26" CONTENT="Thus" WC="0.55" CC="0655"/>
					</TextLine>
					<TextLine ID="P55_TL00038" HPOS="77" VPOS="1673" WIDTH="454" HEIGHT="35">
						<String ID="P55_ST00403" HPOS="77" VPOS="1678" WIDTH="45" HEIGHT="27" CONTENT="the" WC="0.68" CC="450"/>
						<SP ID="P55_SP00364" HPOS="122" VPOS="1705" WIDTH="13"/>
						<String ID="P55_ST00404" HPOS="135" VPOS="1678" WIDTH="104" HEIGHT="26" CONTENT="scheme" WC="0.76" CC="707000"/>
						<SP ID="P55_SP00365" HPOS="239" VPOS="1705" WIDTH="14"/>
						<String ID="P55_ST00405" HPOS="253" VPOS="1676" WIDTH="59" HEIGHT="25" CONTENT="falls" WC="0.41" CC="76706"/>
						<SP ID="P55_SP00366" HPOS="312" VPOS="1705" WIDTH="10"/>
						<String ID="P55_ST00406" HPOS="322" VPOS="1679" WIDTH="27" HEIGHT="22" CONTENT="to" WC="0.58" CC="80"/>
						<SP ID="P55_SP00367" HPOS="349" VPOS="1705" WIDTH="14"/>
						<String ID="P55_ST00407" HPOS="363" VPOS="1675" WIDTH="44" HEIGHT="26" CONTENT="the" WC="0.57" CC="570"/>
						<SP ID="P55_SP00368" HPOS="407" VPOS="1705" WIDTH="13"/>
						<String ID="P55_ST00408" HPOS="420" VPOS="1673" WIDTH="111" HEIGHT="35" CONTENT="ground." WC="0.56" CC="0507790"/>
					</TextLine>
				</TextBlock>
				<TextBlock ID="P55_TB00005" HPOS="112" VPOS="1712" WIDTH="925" HEIGHT="34" STYLEREFS="TXT_1 PAR_CENTER">
					<TextLine ID="P55_TL00039" HPOS="112" VPOS="1713" WIDTH="925" HEIGHT="33">
						<String ID="P55_ST00409" HPOS="112" VPOS="1722" WIDTH="71" HEIGHT="24" CONTENT="Thus" WC="0.52" CC="0729"/>
						<SP ID="P55_SP00369" HPOS="183" VPOS="1746" WIDTH="15"/>
						<String ID="P55_ST00410" HPOS="198" VPOS="1719" WIDTH="95" HEIGHT="27" CONTENT="baffled" WC="0.84" CC="2900000"/>
						<SP ID="P55_SP00370" HPOS="293" VPOS="1746" WIDTH="12"/>
						<String ID="P55_ST00411" HPOS="305" VPOS="1720" WIDTH="28" HEIGHT="25" CONTENT="in" WC="0.53" CC="27"/>
						<SP ID="P55_SP00371" HPOS="333" VPOS="1746" WIDTH="13"/>
						<String ID="P55_ST00412" HPOS="346" VPOS="1719" WIDTH="44" HEIGHT="26" CONTENT="the" WC="0.65" CC="360"/>
						<SP ID="P55_SP00372" HPOS="390" VPOS="1746" WIDTH="14"/>
						<String ID="P55_ST00413" HPOS="404" VPOS="1722" WIDTH="53" HEIGHT="23" CONTENT="two" WC="0.49" CC="707"/>
						<SP ID="P55_SP00373" HPOS="457" VPOS="1746" WIDTH="12"/>
						<String ID="P55_ST00414" HPOS="469" VPOS="1717" WIDTH="117" HEIGHT="27" CONTENT="schemes" WC="0.76" CC="0055005"/>
						<SP ID="P55_SP00374" HPOS="586" VPOS="1746" WIDTH="14"/>
						<String ID="P55_ST00415" HPOS="600" VPOS="1716" WIDTH="152" HEIGHT="27" CONTENT="mentioned" WC="0.83" CC="010020009"/>
						<SP ID="P55_SP00375" HPOS="752" VPOS="1746" WIDTH="19"/>
						<String ID="P55_ST00416" HPOS="771" VPOS="1715" WIDTH="91" HEIGHT="31" CONTENT="above," WC="0.87" CC="040003"/>
						<SP ID="P55_SP00376" HPOS="862" VPOS="1746" WIDTH="24"/>
						<String ID="P55_ST00417" HPOS="886" VPOS="1713" WIDTH="44" HEIGHT="27" CONTENT="the" WC="0.61" CC="370"/>
						<SP ID="P55_SP00377" HPOS="930" VPOS="1746" WIDTH="22"/>
						<String ID="P55_ST00418" HPOS="952" VPOS="1713" WIDTH="85" HEIGHT="26" CONTENT="Reve-" WC="0.67" CC="06900"/>
					</TextLine>
				</TextBlock>
			</PrintSpace>
		</Page>
	</Layout>
</alto>
