<?xml version="1.0" encoding="UTF-8"?>
<alto xmlns:xsi="http://www.w3.org/2001/XMLSchema-instance" xsi:noNamespaceSchemaLocation="http://www.bl.uk/schemas/alto/alto-1-4.xsd" xmlns:xlink="http://www.w3.org/1999/xlink">
	<Description>
		<MeasurementUnit>mm10</MeasurementUnit>
		<sourceImageInformation>
			<fileName>//head1/IN/2008-10/A0011314272/000102.jp2</fileName>
		</sourceImageInformation>
		<OCRProcessing ID="OCRPROCESSING_1">
			<preProcessingStep>
				<processingSoftware>
					<softwareCreator>CCS Content Conversion Specialists GmbH, Germany</softwareCreator>
					<softwareName>CCS docWORKS</softwareName>
					<softwareVersion>6.1-0.67</softwareVersion>
				</processingSoftware>
			</preProcessingStep>
			<ocrProcessingStep>
				<processingSoftware>
					<softwareCreator>ABBYY (BIT Software), Russia</softwareCreator>
					<softwareName>Finereader</softwareName>
				</processingSoftware>
			</ocrProcessingStep>
		</OCRProcessing>
	</Description>
	<Styles>
		<TextStyle ID="TXT_0" FONTSIZE="10" FONTFAMILY="Courier New"/>
		<TextStyle ID="TXT_1" FONTSIZE="9" FONTFAMILY="Courier New"/>
		<ParagraphStyle ID="PAR_LEFT" ALIGN="Left"/>
		<ParagraphStyle ID="PAR_CENTER" ALIGN="Center"/>
	</Styles>
	<Layout>
		<Page ID="P98" PHYSICAL_IMG_NR="98" HEIGHT="1837" WIDTH="1212" PRINTED_IMG_NR="88" POSITION="Left" ACCURACY="68.24">
			<TopMargin ID="P98_TM00001" HPOS="0" VPOS="0" WIDTH="1211" HEIGHT="85">
				<TextBlock ID="P98_TB00001" HPOS="149" VPOS="57" WIDTH="33" HEIGHT="25" STYLEREFS="TXT_0 PAR_LEFT">
					<TextLine ID="P98_TL00001" HPOS="149" VPOS="57" WIDTH="33" HEIGHT="25">
						<String ID="P98_ST00001" HPOS="149" VPOS="57" WIDTH="33" HEIGHT="25" CONTENT="88" WC="1.00" CC="00"/>
					</TextLine>
				</TextBlock>
				<TextBlock ID="P98_TB00002" HPOS="292" VPOS="66" WIDTH="630" HEIGHT="19" STYLEREFS="TXT_1 PAR_CENTER">
					<TextLine ID="P98_TL00002" HPOS="293" VPOS="66" WIDTH="629" HEIGHT="19">
						<String ID="P98_ST00002" HPOS="293" VPOS="67" WIDTH="89" HEIGHT="18" CONTENT="KAIRA" WC="0.89" CC="40000"/>
						<SP ID="P98_SP00001" HPOS="382" VPOS="85" WIDTH="11"/>
						<String ID="P98_ST00003" HPOS="393" VPOS="68" WIDTH="5" HEIGHT="16" CONTENT=":" WC="0.43" CC="5"/>
						<SP ID="P98_SP00002" HPOS="398" VPOS="85" WIDTH="22"/>
						<String ID="P98_ST00004" HPOS="420" VPOS="66" WIDTH="18" HEIGHT="19" CONTENT="A" WC="1.00" CC="0"/>
						<SP ID="P98_SP00003" HPOS="438" VPOS="85" WIDTH="19"/>
						<String ID="P98_ST00005" HPOS="457" VPOS="66" WIDTH="127" HEIGHT="19" CONTENT="DISTRICT" WC="0.70" CC="63600006"/>
						<SP ID="P98_SP00004" HPOS="584" VPOS="85" WIDTH="19"/>
						<String ID="P98_ST00006" HPOS="603" VPOS="67" WIDTH="29" HEIGHT="18" CONTENT="IN" WC="0.50" CC="09"/>
						<SP ID="P98_SP00005" HPOS="632" VPOS="85" WIDTH="20"/>
						<String ID="P98_ST00007" HPOS="652" VPOS="67" WIDTH="116" HEIGHT="18" CONTENT="FERTILE" WC="0.59" CC="7008066"/>
						<SP ID="P98_SP00006" HPOS="768" VPOS="85" WIDTH="20"/>
						<String ID="P98_ST00008" HPOS="788" VPOS="66" WIDTH="134" HEIGHT="19" CONTENT="GUJARAT." WC="0.50" CC="55990080"/>
					</TextLine>
				</TextBlock>
			</TopMargin>
			<LeftMargin ID="P98_LM00001" HPOS="0" VPOS="84" WIDTH="127" HEIGHT="1660"/>
			<RightMargin ID="P98_RM00001" HPOS="1116" VPOS="84" WIDTH="95" HEIGHT="1660"/>
			<BottomMargin ID="P98_BM00001" HPOS="0" VPOS="1744" WIDTH="1211" HEIGHT="93"/>
			<PrintSpace ID="P98_PS00001" HPOS="127" VPOS="84" WIDTH="989" HEIGHT="1660">
				<TextBlock ID="P98_TB00003" HPOS="141" VPOS="127" WIDTH="975" HEIGHT="179" STYLEREFS="TXT_1 PAR_LEFT">
					<TextLine ID="P98_TL00003" HPOS="145" VPOS="129" WIDTH="971" HEIGHT="32">
						<String ID="P98_ST00009" HPOS="145" VPOS="131" WIDTH="82" HEIGHT="22" CONTENT="cussed" WC="0.59" CC="268700"/>
						<SP ID="P98_SP00007" HPOS="227" VPOS="153" WIDTH="20"/>
						<String ID="P98_ST00010" HPOS="247" VPOS="131" WIDTH="56" HEIGHT="22" CONTENT="with" WC="0.91" CC="0003"/>
						<SP ID="P98_SP00008" HPOS="303" VPOS="153" WIDTH="17"/>
						<String ID="P98_ST00011" HPOS="320" VPOS="140" WIDTH="13" HEIGHT="14" CONTENT="a" WC="0.13" CC="8"/>
						<SP ID="P98_SP00009" HPOS="333" VPOS="154" WIDTH="18"/>
						<String ID="P98_ST00012" HPOS="351" VPOS="131" WIDTH="145" HEIGHT="30" CONTENT="punctilious" WC="0.63" CC="07006603467"/>
						<SP ID="P98_SP00010" HPOS="496" VPOS="161" WIDTH="18"/>
						<String ID="P98_ST00013" HPOS="514" VPOS="132" WIDTH="83" HEIGHT="28" CONTENT="regard" WC="0.86" CC="010600"/>
						<SP ID="P98_SP00011" HPOS="597" VPOS="161" WIDTH="17"/>
						<String ID="P98_ST00014" HPOS="614" VPOS="132" WIDTH="40" HEIGHT="22" CONTENT="for" WC="0.46" CC="627"/>
						<SP ID="P98_SP00012" HPOS="654" VPOS="161" WIDTH="18"/>
						<String ID="P98_ST00015" HPOS="672" VPOS="132" WIDTH="40" HEIGHT="23" CONTENT="the" WC="0.70" CC="062"/>
						<SP ID="P98_SP00013" HPOS="712" VPOS="161" WIDTH="18"/>
						<String ID="P98_ST00016" HPOS="730" VPOS="131" WIDTH="98" HEIGHT="23" CONTENT="welfare" WC="0.75" CC="0080134"/>
						<SP ID="P98_SP00014" HPOS="828" VPOS="161" WIDTH="16"/>
						<String ID="P98_ST00017" HPOS="844" VPOS="131" WIDTH="27" HEIGHT="22" CONTENT="of" WC="1.00" CC="00"/>
						<SP ID="P98_SP00015" HPOS="871" VPOS="161" WIDTH="17"/>
						<String ID="P98_ST00018" HPOS="888" VPOS="131" WIDTH="41" HEIGHT="22" CONTENT="the" WC="0.75" CC="070"/>
						<SP ID="P98_SP00016" HPOS="929" VPOS="161" WIDTH="18"/>
						<String ID="P98_ST00019" HPOS="947" VPOS="131" WIDTH="61" HEIGHT="28" CONTENT="ryot," WC="0.62" CC="50670"/>
						<SP ID="P98_SP00017" HPOS="1008" VPOS="161" WIDTH="16"/>
						<String ID="P98_ST00020" HPOS="1024" VPOS="129" WIDTH="53" HEIGHT="23" CONTENT="that" WC="0.59" CC="0807"/>
						<SP ID="P98_SP00018" HPOS="1077" VPOS="161" WIDTH="18"/>
						<String ID="P98_ST00021" HPOS="1095" VPOS="130" WIDTH="21" HEIGHT="23" CONTENT="is" WC="0.33" CC="66"/>
					</TextLine>
					<TextLine ID="P98_TL00004" HPOS="144" VPOS="167" WIDTH="971" HEIGHT="30">
						<String ID="P98_ST00022" HPOS="144" VPOS="168" WIDTH="135" HEIGHT="23" CONTENT="distinctive" WC="0.72" CC="06703703000"/>
						<SP ID="P98_SP00019" HPOS="279" VPOS="191" WIDTH="10"/>
						<String ID="P98_ST00023" HPOS="289" VPOS="169" WIDTH="27" HEIGHT="22" CONTENT="of" WC="0.78" CC="40"/>
						<SP ID="P98_SP00020" HPOS="316" VPOS="191" WIDTH="10"/>
						<String ID="P98_ST00024" HPOS="326" VPOS="169" WIDTH="39" HEIGHT="22" CONTENT="the" WC="0.65" CC="073"/>
						<SP ID="P98_SP00021" HPOS="365" VPOS="191" WIDTH="11"/>
						<String ID="P98_ST00025" HPOS="376" VPOS="176" WIDTH="102" HEIGHT="15" CONTENT="revenue" WC="0.76" CC="3200611"/>
						<SP ID="P98_SP00022" HPOS="478" VPOS="191" WIDTH="12"/>
						<String ID="P98_ST00026" HPOS="490" VPOS="175" WIDTH="85" HEIGHT="22" CONTENT="survey" WC="0.85" CC="601000"/>
						<SP ID="P98_SP00023" HPOS="575" VPOS="197" WIDTH="11"/>
						<String ID="P98_ST00027" HPOS="586" VPOS="171" WIDTH="88" HEIGHT="26" CONTENT="system" WC="0.65" CC="706015"/>
						<SP ID="P98_SP00024" HPOS="674" VPOS="197" WIDTH="12"/>
						<String ID="P98_ST00028" HPOS="686" VPOS="169" WIDTH="45" HEIGHT="22" CONTENT="and" WC="0.43" CC="970"/>
						<SP ID="P98_SP00025" HPOS="731" VPOS="197" WIDTH="11"/>
						<String ID="P98_ST00029" HPOS="742" VPOS="170" WIDTH="32" HEIGHT="21" CONTENT="its" WC="0.58" CC="408"/>
						<SP ID="P98_SP00026" HPOS="774" VPOS="197" WIDTH="21"/>
						<String ID="P98_ST00030" HPOS="795" VPOS="169" WIDTH="95" HEIGHT="28" CONTENT="officers," WC="0.82" CC="400003070"/>
						<SP ID="P98_SP00027" HPOS="890" VPOS="197" WIDTH="19"/>
						<String ID="P98_ST00031" HPOS="909" VPOS="175" WIDTH="71" HEIGHT="22" CONTENT="every" WC="0.96" CC="00010"/>
						<SP ID="P98_SP00028" HPOS="980" VPOS="197" WIDTH="20"/>
						<String ID="P98_ST00032" HPOS="1000" VPOS="167" WIDTH="67" HEIGHT="29" CONTENT="point" WC="0.59" CC="82270"/>
						<SP ID="P98_SP00029" HPOS="1067" VPOS="197" WIDTH="20"/>
						<String ID="P98_ST00033" HPOS="1087" VPOS="167" WIDTH="28" HEIGHT="23" CONTENT="of" WC="0.50" CC="54"/>
					</TextLine>
					<TextLine ID="P98_TL00005" HPOS="141" VPOS="202" WIDTH="973" HEIGHT="33">
						<String ID="P98_ST00034" HPOS="141" VPOS="205" WIDTH="40" HEIGHT="22" CONTENT="the" WC="0.40" CC="376"/>
						<SP ID="P98_SP00030" HPOS="181" VPOS="227" WIDTH="11"/>
						<String ID="P98_ST00035" HPOS="192" VPOS="206" WIDTH="134" HEIGHT="22" CONTENT="settlement" WC="0.63" CC="7700046063"/>
						<SP ID="P98_SP00031" HPOS="326" VPOS="228" WIDTH="11"/>
						<String ID="P98_ST00036" HPOS="337" VPOS="213" WIDTH="24" HEIGHT="16" CONTENT="so" WC="0.57" CC="70"/>
						<SP ID="P98_SP00032" HPOS="361" VPOS="229" WIDTH="13"/>
						<String ID="P98_ST00037" HPOS="374" VPOS="213" WIDTH="24" HEIGHT="15" CONTENT="as" WC="0.42" CC="38"/>
						<SP ID="P98_SP00033" HPOS="398" VPOS="229" WIDTH="11"/>
						<String ID="P98_ST00038" HPOS="409" VPOS="208" WIDTH="24" HEIGHT="20" CONTENT="to" WC="0.93" CC="01"/>
						<SP ID="P98_SP00034" HPOS="433" VPOS="229" WIDTH="12"/>
						<String ID="P98_ST00039" HPOS="445" VPOS="205" WIDTH="69" HEIGHT="23" CONTENT="make" WC="0.78" CC="1042"/>
						<SP ID="P98_SP00035" HPOS="514" VPOS="229" WIDTH="11"/>
						<String ID="P98_ST00040" HPOS="525" VPOS="206" WIDTH="18" HEIGHT="21" CONTENT="it" WC="0.95" CC="10"/>
						<SP ID="P98_SP00036" HPOS="543" VPOS="229" WIDTH="12"/>
						<String ID="P98_ST00041" HPOS="555" VPOS="205" WIDTH="47" HEIGHT="23" CONTENT="fair" WC="0.81" CC="0061"/>
						<SP ID="P98_SP00037" HPOS="602" VPOS="229" WIDTH="12"/>
						<String ID="P98_ST00042" HPOS="614" VPOS="206" WIDTH="45" HEIGHT="21" CONTENT="and" WC="0.53" CC="940"/>
						<SP ID="P98_SP00038" HPOS="659" VPOS="229" WIDTH="12"/>
						<String ID="P98_ST00043" HPOS="671" VPOS="206" WIDTH="99" HEIGHT="29" CONTENT="equable" WC="0.76" CC="0040641"/>
						<SP ID="P98_SP00039" HPOS="770" VPOS="235" WIDTH="11"/>
						<String ID="P98_ST00044" HPOS="781" VPOS="205" WIDTH="25" HEIGHT="22" CONTENT="in" WC="0.47" CC="46"/>
						<SP ID="P98_SP00040" HPOS="806" VPOS="235" WIDTH="12"/>
						<String ID="P98_ST00045" HPOS="818" VPOS="206" WIDTH="30" HEIGHT="21" CONTENT="its" WC="0.31" CC="677"/>
						<SP ID="P98_SP00041" HPOS="848" VPOS="235" WIDTH="18"/>
						<String ID="P98_ST00046" HPOS="866" VPOS="205" WIDTH="101" HEIGHT="28" CONTENT="bearing" WC="0.87" CC="0100070"/>
						<SP ID="P98_SP00042" HPOS="967" VPOS="235" WIDTH="16"/>
						<String ID="P98_ST00047" HPOS="983" VPOS="211" WIDTH="29" HEIGHT="15" CONTENT="on" WC="0.58" CC="35"/>
						<SP ID="P98_SP00043" HPOS="1012" VPOS="235" WIDTH="13"/>
						<String ID="P98_ST00048" HPOS="1025" VPOS="202" WIDTH="31" HEIGHT="23" CONTENT="all" WC="0.77" CC="032"/>
						<SP ID="P98_SP00044" HPOS="1056" VPOS="235" WIDTH="19"/>
						<String ID="P98_ST00049" HPOS="1075" VPOS="203" WIDTH="39" HEIGHT="22" CONTENT="in" SUBS_TYPE="HypPart1" SUBS_CONTENT="interests" WC="0.37" CC="674"/>
						<HYP CONTENT="-"/>
					</TextLine>
					<TextLine ID="P98_TL00006" HPOS="143" VPOS="241" WIDTH="971" HEIGHT="30">
						<String ID="P98_ST00050" HPOS="143" VPOS="244" WIDTH="83" HEIGHT="20" CONTENT="terests" SUBS_TYPE="HypPart2" SUBS_CONTENT="interests" WC="0.85" CC="0040006"/>
						<SP ID="P98_SP00045" HPOS="226" VPOS="264" WIDTH="11"/>
						<String ID="P98_ST00051" HPOS="237" VPOS="242" WIDTH="101" HEIGHT="22" CONTENT="affected" WC="0.79" CC="26610000"/>
						<SP ID="P98_SP00046" HPOS="338" VPOS="264" WIDTH="11"/>
						<String ID="P98_ST00052" HPOS="349" VPOS="243" WIDTH="31" HEIGHT="28" CONTENT="by" WC="0.93" CC="10"/>
						<SP ID="P98_SP00047" HPOS="380" VPOS="271" WIDTH="13"/>
						<String ID="P98_ST00053" HPOS="393" VPOS="242" WIDTH="26" HEIGHT="28" CONTENT="it," WC="0.48" CC="643"/>
						<SP ID="P98_SP00048" HPOS="419" VPOS="271" WIDTH="13"/>
						<String ID="P98_ST00054" HPOS="432" VPOS="242" WIDTH="46" HEIGHT="21" CONTENT="and" WC="0.58" CC="560"/>
						<SP ID="P98_SP00049" HPOS="478" VPOS="271" WIDTH="11"/>
						<String ID="P98_ST00055" HPOS="489" VPOS="241" WIDTH="101" HEIGHT="22" CONTENT="without" WC="0.67" CC="0407019"/>
						<SP ID="P98_SP00050" HPOS="590" VPOS="271" WIDTH="11"/>
						<String ID="P98_ST00056" HPOS="601" VPOS="249" WIDTH="13" HEIGHT="14" CONTENT="a" WC="0.50" CC="4"/>
						<SP ID="P98_SP00051" HPOS="614" VPOS="271" WIDTH="17"/>
						<String ID="P98_ST00057" HPOS="631" VPOS="241" WIDTH="104" HEIGHT="30" CONTENT="thought" WC="0.64" CC="0612660"/>
						<SP ID="P98_SP00052" HPOS="735" VPOS="271" WIDTH="18"/>
						<String ID="P98_ST00058" HPOS="753" VPOS="242" WIDTH="27" HEIGHT="22" CONTENT="of" WC="0.88" CC="20"/>
						<SP ID="P98_SP00053" HPOS="780" VPOS="271" WIDTH="17"/>
						<String ID="P98_ST00059" HPOS="797" VPOS="241" WIDTH="155" HEIGHT="28" CONTENT="introducing" WC="0.58" CC="47110043479"/>
						<SP ID="P98_SP00054" HPOS="952" VPOS="271" WIDTH="16"/>
						<String ID="P98_ST00060" HPOS="968" VPOS="247" WIDTH="14" HEIGHT="16" CONTENT="a" WC="0.07" CC="9"/>
						<SP ID="P98_SP00055" HPOS="982" VPOS="271" WIDTH="18"/>
						<String ID="P98_ST00061" HPOS="1000" VPOS="247" WIDTH="114" HEIGHT="22" CONTENT="measure," WC="0.74" CC="00178004"/>
					</TextLine>
					<TextLine ID="P98_TL00007" HPOS="143" VPOS="277" WIDTH="970" HEIGHT="29">
						<String ID="P98_ST00062" HPOS="143" VPOS="278" WIDTH="92" HEIGHT="23" CONTENT="framed" WC="0.69" CC="950300"/>
						<SP ID="P98_SP00056" HPOS="235" VPOS="301" WIDTH="13"/>
						<String ID="P98_ST00063" HPOS="248" VPOS="279" WIDTH="87" HEIGHT="27" CONTENT="merely" WC="0.71" CC="910050"/>
						<SP ID="P98_SP00057" HPOS="335" VPOS="306" WIDTH="10"/>
						<String ID="P98_ST00064" HPOS="345" VPOS="281" WIDTH="25" HEIGHT="20" CONTENT="to" WC="0.56" CC="61"/>
						<SP ID="P98_SP00058" HPOS="370" VPOS="306" WIDTH="12"/>
						<String ID="P98_ST00065" HPOS="382" VPOS="279" WIDTH="103" HEIGHT="22" CONTENT="increase" WC="0.46" CC="47046367"/>
						<SP ID="P98_SP00059" HPOS="485" VPOS="306" WIDTH="18"/>
						<String ID="P98_ST00066" HPOS="503" VPOS="278" WIDTH="162" HEIGHT="23" CONTENT="Government" WC="0.57" CC="7602275630"/>
						<SP ID="P98_SP00060" HPOS="665" VPOS="306" WIDTH="19"/>
						<String ID="P98_ST00067" HPOS="684" VPOS="285" WIDTH="102" HEIGHT="16" CONTENT="revenue" WC="0.68" CC="7000706"/>
						<SP ID="P98_SP00061" HPOS="786" VPOS="306" WIDTH="20"/>
						<String ID="P98_ST00068" HPOS="806" VPOS="280" WIDTH="24" HEIGHT="21" CONTENT="at" WC="1.00" CC="00"/>
						<SP ID="P98_SP00062" HPOS="830" VPOS="306" WIDTH="18"/>
						<String ID="P98_ST00069" HPOS="848" VPOS="278" WIDTH="41" HEIGHT="22" CONTENT="the" WC="0.86" CC="040"/>
						<SP ID="P98_SP00063" HPOS="889" VPOS="306" WIDTH="19"/>
						<String ID="P98_ST00070" HPOS="908" VPOS="285" WIDTH="103" HEIGHT="21" CONTENT="expense" WC="0.53" CC="4900764"/>
						<SP ID="P98_SP00064" HPOS="1011" VPOS="306" WIDTH="17"/>
						<String ID="P98_ST00071" HPOS="1028" VPOS="277" WIDTH="27" HEIGHT="22" CONTENT="of" WC="1.00" CC="00"/>
						<SP ID="P98_SP00065" HPOS="1055" VPOS="306" WIDTH="17"/>
						<String ID="P98_ST00072" HPOS="1072" VPOS="278" WIDTH="41" HEIGHT="22" CONTENT="the" WC="0.50" CC="077"/>
					</TextLine>
				</TextBlock>
				<TextBlock ID="P98_TB00004" HPOS="138" VPOS="313" WIDTH="971" HEIGHT="395" STYLEREFS="TXT_1 PAR_LEFT">
					<TextLine ID="P98_TL00008" HPOS="145" VPOS="313" WIDTH="964" HEIGHT="32">
						<String ID="P98_ST00073" HPOS="145" VPOS="316" WIDTH="60" HEIGHT="29" CONTENT="ryot'" WC="0.67" CC="70223"/>
						<SP ID="P98_SP00066" HPOS="205" VPOS="345" WIDTH="166"/>
						<String ID="P98_ST00074" HPOS="371" VPOS="316" WIDTH="45" HEIGHT="22" CONTENT="But" WC="0.70" CC="530"/>
						<SP ID="P98_SP00067" HPOS="416" VPOS="345" WIDTH="11"/>
						<String ID="P98_ST00075" HPOS="427" VPOS="315" WIDTH="53" HEIGHT="23" CONTENT="who" WC="0.71" CC="071"/>
						<SP ID="P98_SP00068" HPOS="480" VPOS="345" WIDTH="23"/>
						<String ID="P98_ST00076" HPOS="503" VPOS="323" WIDTH="54" HEIGHT="14" CONTENT="ever" WC="0.76" CC="3005"/>
						<SP ID="P98_SP00069" HPOS="557" VPOS="345" WIDTH="20"/>
						<String ID="P98_ST00077" HPOS="577" VPOS="315" WIDTH="131" HEIGHT="23" CONTENT="demanded" WC="0.72" CC="00507900"/>
						<SP ID="P98_SP00070" HPOS="708" VPOS="345" WIDTH="20"/>
						<String ID="P98_ST00078" HPOS="728" VPOS="323" WIDTH="25" HEIGHT="15" CONTENT="so" WC="0.58" CC="71"/>
						<SP ID="P98_SP00071" HPOS="753" VPOS="345" WIDTH="20"/>
						<String ID="P98_ST00079" HPOS="773" VPOS="315" WIDTH="70" HEIGHT="22" CONTENT="much" WC="0.67" CC="0417"/>
						<SP ID="P98_SP00072" HPOS="843" VPOS="345" WIDTH="16"/>
						<String ID="P98_ST00080" HPOS="859" VPOS="314" WIDTH="156" HEIGHT="23" CONTENT="information" WC="0.69" CC="17006064007"/>
						<SP ID="P98_SP00073" HPOS="1015" VPOS="345" WIDTH="13"/>
						<String ID="P98_ST00081" HPOS="1028" VPOS="313" WIDTH="11" HEIGHT="22" CONTENT="?" WC="0.32" CC="6"/>
						<SP ID="P98_SP00074" HPOS="1039" VPOS="345" WIDTH="29"/>
						<String ID="P98_ST00082" HPOS="1068" VPOS="314" WIDTH="41" HEIGHT="23" CONTENT="Mr." WC="0.98" CC="000"/>
					</TextLine>
					<TextLine ID="P98_TL00009" HPOS="143" VPOS="351" WIDTH="966" HEIGHT="30">
						<String ID="P98_ST00083" HPOS="143" VPOS="353" WIDTH="73" HEIGHT="22" CONTENT="Elliot" WC="0.84" CC="310400"/>
						<SP ID="P98_SP00075" HPOS="216" VPOS="375" WIDTH="10"/>
						<String ID="P98_ST00084" HPOS="226" VPOS="353" WIDTH="68" HEIGHT="22" CONTENT="could" WC="0.77" CC="00470"/>
						<SP ID="P98_SP00076" HPOS="294" VPOS="375" WIDTH="11"/>
						<String ID="P98_ST00085" HPOS="305" VPOS="354" WIDTH="60" HEIGHT="22" CONTENT="have" WC="0.51" CC="7902"/>
						<SP ID="P98_SP00077" HPOS="365" VPOS="376" WIDTH="11"/>
						<String ID="P98_ST00086" HPOS="376" VPOS="353" WIDTH="75" HEIGHT="28" CONTENT="easily" WC="0.93" CC="000040"/>
						<SP ID="P98_SP00078" HPOS="451" VPOS="381" WIDTH="11"/>
						<String ID="P98_ST00087" HPOS="462" VPOS="352" WIDTH="83" HEIGHT="29" CONTENT="spared" WC="0.70" CC="605050"/>
						<SP ID="P98_SP00079" HPOS="545" VPOS="381" WIDTH="11"/>
						<String ID="P98_ST00088" HPOS="556" VPOS="352" WIDTH="31" HEIGHT="22" CONTENT="all" WC="0.74" CC="016"/>
						<SP ID="P98_SP00080" HPOS="587" VPOS="381" WIDTH="16"/>
						<String ID="P98_ST00089" HPOS="603" VPOS="352" WIDTH="49" HEIGHT="22" CONTENT="this" WC="0.68" CC="0704"/>
						<SP ID="P98_SP00081" HPOS="652" VPOS="381" WIDTH="17"/>
						<String ID="P98_ST00090" HPOS="669" VPOS="352" WIDTH="105" HEIGHT="29" CONTENT="flourish," WC="0.72" CC="003344071"/>
						<SP ID="P98_SP00082" HPOS="774" VPOS="381" WIDTH="11"/>
						<String ID="P98_ST00091" HPOS="785" VPOS="352" WIDTH="47" HEIGHT="22" CONTENT="and" WC="0.73" CC="070"/>
						<SP ID="P98_SP00083" HPOS="832" VPOS="381" WIDTH="19"/>
						<String ID="P98_ST00092" HPOS="851" VPOS="354" WIDTH="49" HEIGHT="20" CONTENT="met" WC="0.83" CC="004"/>
						<SP ID="P98_SP00084" HPOS="900" VPOS="381" WIDTH="18"/>
						<String ID="P98_ST00093" HPOS="918" VPOS="358" WIDTH="42" HEIGHT="22" CONTENT="my" WC="0.70" CC="60"/>
						<SP ID="P98_SP00085" HPOS="960" VPOS="381" WIDTH="19"/>
						<String ID="P98_ST00094" HPOS="979" VPOS="351" WIDTH="130" HEIGHT="29" CONTENT="objections" WC="0.64" CC="0640152078"/>
					</TextLine>
					<TextLine ID="P98_TL00010" HPOS="141" VPOS="387" WIDTH="966" HEIGHT="31">
						<String ID="P98_ST00095" HPOS="141" VPOS="390" WIDTH="32" HEIGHT="28" CONTENT="by" WC="0.82" CC="30"/>
						<SP ID="P98_SP00086" HPOS="173" VPOS="418" WIDTH="10"/>
						<String ID="P98_ST00096" HPOS="183" VPOS="397" WIDTH="14" HEIGHT="15" CONTENT="a" WC="0.59" CC="4"/>
						<SP ID="P98_SP00087" HPOS="197" VPOS="418" WIDTH="11"/>
						<String ID="P98_ST00097" HPOS="208" VPOS="390" WIDTH="63" HEIGHT="28" CONTENT="plain" WC="0.52" CC="05557"/>
						<SP ID="P98_SP00088" HPOS="271" VPOS="418" WIDTH="13"/>
						<String ID="P98_ST00098" HPOS="284" VPOS="391" WIDTH="125" HEIGHT="21" CONTENT="statement" WC="0.75" CC="800000570"/>
						<SP ID="P98_SP00089" HPOS="409" VPOS="418" WIDTH="10"/>
						<String ID="P98_ST00099" HPOS="419" VPOS="390" WIDTH="26" HEIGHT="21" CONTENT="of" WC="0.93" CC="10"/>
						<SP ID="P98_SP00090" HPOS="445" VPOS="418" WIDTH="11"/>
						<String ID="P98_ST00100" HPOS="456" VPOS="396" WIDTH="14" HEIGHT="15" CONTENT="a" WC="0.71" CC="2"/>
						<SP ID="P98_SP00091" HPOS="470" VPOS="418" WIDTH="10"/>
						<String ID="P98_ST00101" HPOS="480" VPOS="389" WIDTH="47" HEIGHT="22" CONTENT="few" WC="0.72" CC="700"/>
						<SP ID="P98_SP00092" HPOS="527" VPOS="418" WIDTH="11"/>
						<String ID="P98_ST00102" HPOS="538" VPOS="390" WIDTH="69" HEIGHT="25" CONTENT="facts," WC="0.62" CC="067080"/>
						<SP ID="P98_SP00093" HPOS="607" VPOS="418" WIDTH="12"/>
						<String ID="P98_ST00103" HPOS="619" VPOS="396" WIDTH="60" HEIGHT="14" CONTENT="even" WC="0.79" CC="1006"/>
						<SP ID="P98_SP00094" HPOS="679" VPOS="418" WIDTH="12"/>
						<String ID="P98_ST00104" HPOS="691" VPOS="389" WIDTH="20" HEIGHT="21" CONTENT="if" WC="0.80" CC="30"/>
						<SP ID="P98_SP00095" HPOS="711" VPOS="418" WIDTH="18"/>
						<String ID="P98_ST00105" HPOS="729" VPOS="389" WIDTH="29" HEIGHT="22" CONTENT="he" WC="0.83" CC="03"/>
						<SP ID="P98_SP00096" HPOS="758" VPOS="418" WIDTH="15"/>
						<String ID="P98_ST00106" HPOS="773" VPOS="388" WIDTH="102" HEIGHT="29" CONTENT="thought" WC="0.59" CC="6716070"/>
						<SP ID="P98_SP00097" HPOS="875" VPOS="418" WIDTH="16"/>
						<String ID="P98_ST00107" HPOS="891" VPOS="387" WIDTH="12" HEIGHT="23" CONTENT="I" WC="0.61" CC="3"/>
						<SP ID="P98_SP00098" HPOS="903" VPOS="418" WIDTH="20"/>
						<String ID="P98_ST00108" HPOS="923" VPOS="395" WIDTH="48" HEIGHT="15" CONTENT="was" WC="0.72" CC="008"/>
						<SP ID="P98_SP00099" HPOS="971" VPOS="418" WIDTH="18"/>
						<String ID="P98_ST00109" HPOS="989" VPOS="395" WIDTH="27" HEIGHT="15" CONTENT="so" WC="0.24" CC="86"/>
						<SP ID="P98_SP00100" HPOS="1016" VPOS="418" WIDTH="17"/>
						<String ID="P98_ST00110" HPOS="1033" VPOS="387" WIDTH="74" HEIGHT="23" CONTENT="ill-in-" WC="0.69" CC="0060670"/>
					</TextLine>
					<TextLine ID="P98_TL00011" HPOS="140" VPOS="424" WIDTH="969" HEIGHT="30">
						<String ID="P98_ST00111" HPOS="140" VPOS="427" WIDTH="93" HEIGHT="22" CONTENT="formed" WC="0.65" CC="950050"/>
						<SP ID="P98_SP00101" HPOS="233" VPOS="449" WIDTH="11"/>
						<String ID="P98_ST00112" HPOS="244" VPOS="426" WIDTH="26" HEIGHT="22" CONTENT="of" WC="1.00" CC="00"/>
						<SP ID="P98_SP00102" HPOS="270" VPOS="449" WIDTH="11"/>
						<String ID="P98_ST00113" HPOS="281" VPOS="433" WIDTH="101" HEIGHT="15" CONTENT="revenue" WC="0.47" CC="7090675"/>
						<SP ID="P98_SP00103" HPOS="382" VPOS="449" WIDTH="11"/>
						<String ID="P98_ST00114" HPOS="393" VPOS="425" WIDTH="82" HEIGHT="22" CONTENT="affairs" WC="0.63" CC="9440106"/>
						<SP ID="P98_SP00104" HPOS="475" VPOS="449" WIDTH="12"/>
						<String ID="P98_ST00115" HPOS="487" VPOS="432" WIDTH="24" HEIGHT="14" CONTENT="as" WC="0.63" CC="07"/>
						<SP ID="P98_SP00105" HPOS="511" VPOS="449" WIDTH="10"/>
						<String ID="P98_ST00116" HPOS="521" VPOS="427" WIDTH="25" HEIGHT="19" CONTENT="to" WC="0.73" CC="50"/>
						<SP ID="P98_SP00106" HPOS="546" VPOS="449" WIDTH="12"/>
						<String ID="P98_ST00117" HPOS="558" VPOS="424" WIDTH="82" HEIGHT="22" CONTENT="render" WC="0.73" CC="207006"/>
						<SP ID="P98_SP00107" HPOS="640" VPOS="449" WIDTH="11"/>
						<String ID="P98_ST00118" HPOS="651" VPOS="425" WIDTH="19" HEIGHT="21" CONTENT="it" WC="0.70" CC="41"/>
						<SP ID="P98_SP00108" HPOS="670" VPOS="449" WIDTH="12"/>
						<String ID="P98_ST00119" HPOS="682" VPOS="425" WIDTH="136" HEIGHT="29" CONTENT="impossible" WC="0.66" CC="0000676606"/>
						<SP ID="P98_SP00109" HPOS="818" VPOS="454" WIDTH="11"/>
						<String ID="P98_ST00120" HPOS="829" VPOS="427" WIDTH="25" HEIGHT="19" CONTENT="to" WC="0.95" CC="00"/>
						<SP ID="P98_SP00110" HPOS="854" VPOS="454" WIDTH="12"/>
						<String ID="P98_ST00121" HPOS="866" VPOS="424" WIDTH="91" HEIGHT="22" CONTENT="discuss" WC="0.57" CC="0536456"/>
						<SP ID="P98_SP00111" HPOS="957" VPOS="454" WIDTH="10"/>
						<String ID="P98_ST00122" HPOS="967" VPOS="424" WIDTH="65" HEIGHT="22" CONTENT="them" WC="0.85" CC="0500"/>
						<SP ID="P98_SP00112" HPOS="1032" VPOS="454" WIDTH="19"/>
						<String ID="P98_ST00123" HPOS="1051" VPOS="424" WIDTH="58" HEIGHT="23" CONTENT="with" WC="0.82" CC="0007"/>
					</TextLine>
					<TextLine ID="P98_TL00012" HPOS="139" VPOS="460" WIDTH="968" HEIGHT="31">
						<String ID="P98_ST00124" HPOS="139" VPOS="463" WIDTH="60" HEIGHT="23" CONTENT="him." WC="0.58" CC="7350"/>
						<SP ID="P98_SP00113" HPOS="199" VPOS="486" WIDTH="31"/>
						<String ID="P98_ST00125" HPOS="230" VPOS="462" WIDTH="11" HEIGHT="22" CONTENT="I" WC="1.00" CC="0"/>
						<SP ID="P98_SP00114" HPOS="241" VPOS="486" WIDTH="12"/>
						<String ID="P98_ST00126" HPOS="253" VPOS="470" WIDTH="37" HEIGHT="14" CONTENT="am" WC="1.00" CC="00"/>
						<SP ID="P98_SP00115" HPOS="290" VPOS="486" WIDTH="12"/>
						<String ID="P98_ST00127" HPOS="302" VPOS="469" WIDTH="64" HEIGHT="22" CONTENT="sorry" WC="0.68" CC="60440"/>
						<SP ID="P98_SP00116" HPOS="366" VPOS="491" WIDTH="10"/>
						<String ID="P98_ST00128" HPOS="376" VPOS="463" WIDTH="24" HEIGHT="21" CONTENT="to" WC="0.93" CC="01"/>
						<SP ID="P98_SP00117" HPOS="400" VPOS="491" WIDTH="11"/>
						<String ID="P98_ST00129" HPOS="411" VPOS="462" WIDTH="56" HEIGHT="27" CONTENT="find," WC="0.85" CC="00700"/>
						<SP ID="P98_SP00118" HPOS="467" VPOS="491" WIDTH="12"/>
						<String ID="P98_ST00130" HPOS="479" VPOS="461" WIDTH="116" HEIGHT="29" CONTENT="however," WC="0.84" CC="70020102"/>
						<SP ID="P98_SP00119" HPOS="595" VPOS="491" WIDTH="11"/>
						<String ID="P98_ST00131" HPOS="606" VPOS="461" WIDTH="52" HEIGHT="22" CONTENT="that" WC="0.72" CC="1702"/>
						<SP ID="P98_SP00120" HPOS="658" VPOS="491" WIDTH="11"/>
						<String ID="P98_ST00132" HPOS="669" VPOS="461" WIDTH="29" HEIGHT="22" CONTENT="he" WC="0.52" CC="53"/>
						<SP ID="P98_SP00121" HPOS="698" VPOS="491" WIDTH="11"/>
						<String ID="P98_ST00133" HPOS="709" VPOS="461" WIDTH="43" HEIGHT="22" CONTENT="has" WC="0.54" CC="607"/>
						<SP ID="P98_SP00122" HPOS="752" VPOS="491" WIDTH="11"/>
						<String ID="P98_ST00134" HPOS="763" VPOS="461" WIDTH="84" HEIGHT="29" CONTENT="hardly" WC="0.72" CC="760020"/>
						<SP ID="P98_SP00123" HPOS="847" VPOS="491" WIDTH="10"/>
						<String ID="P98_ST00135" HPOS="857" VPOS="460" WIDTH="109" HEIGHT="23" CONTENT="troubled" WC="0.71" CC="30250560"/>
						<SP ID="P98_SP00124" HPOS="966" VPOS="491" WIDTH="11"/>
						<String ID="P98_ST00136" HPOS="977" VPOS="460" WIDTH="97" HEIGHT="23" CONTENT="himself" WC="0.67" CC="7028400"/>
						<SP ID="P98_SP00125" HPOS="1074" VPOS="491" WIDTH="9"/>
						<String ID="P98_ST00137" HPOS="1083" VPOS="464" WIDTH="24" HEIGHT="20" CONTENT="to" WC="0.60" CC="16"/>
					</TextLine>
					<TextLine ID="P98_TL00013" HPOS="140" VPOS="497" WIDTH="967" HEIGHT="30">
						<String ID="P98_ST00138" HPOS="140" VPOS="501" WIDTH="62" HEIGHT="21" CONTENT="meet" WC="0.63" CC="9022"/>
						<SP ID="P98_SP00126" HPOS="202" VPOS="522" WIDTH="11"/>
						<String ID="P98_ST00139" HPOS="213" VPOS="506" WIDTH="13" HEIGHT="15" CONTENT="a" WC="1.00" CC="0"/>
						<SP ID="P98_SP00127" HPOS="226" VPOS="522" WIDTH="10"/>
						<String ID="P98_ST00140" HPOS="236" VPOS="499" WIDTH="77" HEIGHT="28" CONTENT="single" WC="0.70" CC="636000"/>
						<SP ID="P98_SP00128" HPOS="313" VPOS="527" WIDTH="11"/>
						<String ID="P98_ST00141" HPOS="324" VPOS="499" WIDTH="67" HEIGHT="28" CONTENT="point" WC="0.69" CC="01670"/>
						<SP ID="P98_SP00129" HPOS="391" VPOS="527" WIDTH="10"/>
						<String ID="P98_ST00142" HPOS="401" VPOS="498" WIDTH="26" HEIGHT="22" CONTENT="of" WC="1.00" CC="00"/>
						<SP ID="P98_SP00130" HPOS="427" VPOS="527" WIDTH="11"/>
						<String ID="P98_ST00143" HPOS="438" VPOS="505" WIDTH="40" HEIGHT="22" CONTENT="my" WC="0.80" CC="30"/>
						<SP ID="P98_SP00131" HPOS="478" VPOS="527" WIDTH="11"/>
						<String ID="P98_ST00144" HPOS="489" VPOS="500" WIDTH="131" HEIGHT="26" CONTENT="argument." WC="0.72" CC="000653710"/>
						<SP ID="P98_SP00132" HPOS="620" VPOS="527" WIDTH="30"/>
						<String ID="P98_ST00145" HPOS="650" VPOS="497" WIDTH="50" HEIGHT="23" CONTENT="The" WC="0.86" CC="030"/>
						<SP ID="P98_SP00133" HPOS="700" VPOS="527" WIDTH="11"/>
						<String ID="P98_ST00146" HPOS="711" VPOS="497" WIDTH="76" HEIGHT="22" CONTENT="whole" WC="0.59" CC="47052"/>
						<SP ID="P98_SP00134" HPOS="787" VPOS="527" WIDTH="7"/>
						<String ID="P98_ST00147" HPOS="794" VPOS="500" WIDTH="55" HEIGHT="19" CONTENT="tone" WC="0.85" CC="0050"/>
						<SP ID="P98_SP00135" HPOS="849" VPOS="527" WIDTH="12"/>
						<String ID="P98_ST00148" HPOS="861" VPOS="497" WIDTH="26" HEIGHT="22" CONTENT="of" WC="1.00" CC="00"/>
						<SP ID="P98_SP00136" HPOS="887" VPOS="527" WIDTH="11"/>
						<String ID="P98_ST00149" HPOS="898" VPOS="497" WIDTH="36" HEIGHT="22" CONTENT="his" WC="0.57" CC="705"/>
						<SP ID="P98_SP00137" HPOS="934" VPOS="527" WIDTH="11"/>
						<String ID="P98_ST00150" HPOS="945" VPOS="497" WIDTH="68" HEIGHT="23" CONTENT="letter" WC="0.84" CC="040004"/>
						<SP ID="P98_SP00138" HPOS="1013" VPOS="527" WIDTH="9"/>
						<String ID="P98_ST00151" HPOS="1022" VPOS="498" WIDTH="19" HEIGHT="22" CONTENT="is" WC="0.45" CC="46"/>
						<SP ID="P98_SP00139" HPOS="1041" VPOS="527" WIDTH="10"/>
						<String ID="P98_ST00152" HPOS="1051" VPOS="498" WIDTH="56" HEIGHT="23" CONTENT="such" WC="0.94" CC="0200"/>
					</TextLine>
					<TextLine ID="P98_TL00014" HPOS="139" VPOS="534" WIDTH="967" HEIGHT="29">
						<String ID="P98_ST00153" HPOS="139" VPOS="544" WIDTH="25" HEIGHT="13" CONTENT="as" WC="0.36" CC="57"/>
						<SP ID="P98_SP00140" HPOS="164" VPOS="557" WIDTH="11"/>
						<String ID="P98_ST00154" HPOS="175" VPOS="543" WIDTH="44" HEIGHT="14" CONTENT="one" WC="0.54" CC="670"/>
						<SP ID="P98_SP00141" HPOS="219" VPOS="557" WIDTH="18"/>
						<String ID="P98_ST00155" HPOS="237" VPOS="534" WIDTH="69" HEIGHT="23" CONTENT="could" WC="0.78" CC="04500"/>
						<SP ID="P98_SP00142" HPOS="306" VPOS="557" WIDTH="18"/>
						<String ID="P98_ST00156" HPOS="324" VPOS="534" WIDTH="84" HEIGHT="28" CONTENT="hardly" WC="0.85" CC="702000"/>
						<SP ID="P98_SP00143" HPOS="408" VPOS="562" WIDTH="18"/>
						<String ID="P98_ST00157" HPOS="426" VPOS="534" WIDTH="61" HEIGHT="22" CONTENT="have" WC="0.36" CC="7881"/>
						<SP ID="P98_SP00144" HPOS="487" VPOS="562" WIDTH="18"/>
						<String ID="P98_ST00158" HPOS="505" VPOS="534" WIDTH="113" HEIGHT="28" CONTENT="expected" WC="0.83" CC="40035000"/>
						<SP ID="P98_SP00145" HPOS="618" VPOS="562" WIDTH="12"/>
						<String ID="P98_ST00159" HPOS="630" VPOS="534" WIDTH="61" HEIGHT="22" CONTENT="from" WC="0.80" CC="0008"/>
						<SP ID="P98_SP00146" HPOS="691" VPOS="562" WIDTH="20"/>
						<String ID="P98_ST00160" HPOS="711" VPOS="541" WIDTH="13" HEIGHT="15" CONTENT="a" WC="1.00" CC="0"/>
						<SP ID="P98_SP00147" HPOS="724" VPOS="562" WIDTH="19"/>
						<String ID="P98_ST00161" HPOS="743" VPOS="534" WIDTH="137" HEIGHT="28" CONTENT="gentleman" WC="0.73" CC="006010617"/>
						<SP ID="P98_SP00148" HPOS="880" VPOS="562" WIDTH="18"/>
						<String ID="P98_ST00162" HPOS="898" VPOS="534" WIDTH="24" HEIGHT="22" CONTENT="in" WC="0.56" CC="17"/>
						<SP ID="P98_SP00149" HPOS="922" VPOS="562" WIDTH="19"/>
						<String ID="P98_ST00163" HPOS="941" VPOS="534" WIDTH="37" HEIGHT="22" CONTENT="his" WC="0.32" CC="666"/>
						<SP ID="P98_SP00150" HPOS="978" VPOS="562" WIDTH="18"/>
						<String ID="P98_ST00164" HPOS="996" VPOS="534" WIDTH="110" HEIGHT="29" CONTENT="position." WC="0.63" CC="850200474"/>
					</TextLine>
					<TextLine ID="P98_TL00015" HPOS="139" VPOS="569" WIDTH="967" HEIGHT="32">
						<String ID="P98_ST00165" HPOS="139" VPOS="571" WIDTH="125" HEIGHT="29" CONTENT="Seriously," WC="0.75" CC="6004127002"/>
						<SP ID="P98_SP00151" HPOS="264" VPOS="600" WIDTH="12"/>
						<String ID="P98_ST00166" HPOS="276" VPOS="571" WIDTH="20" HEIGHT="22" CONTENT="if" WC="1.00" CC="00"/>
						<SP ID="P98_SP00152" HPOS="296" VPOS="600" WIDTH="11"/>
						<String ID="P98_ST00167" HPOS="307" VPOS="578" WIDTH="53" HEIGHT="14" CONTENT="men" WC="0.46" CC="627"/>
						<SP ID="P98_SP00153" HPOS="360" VPOS="600" WIDTH="12"/>
						<String ID="P98_ST00168" HPOS="372" VPOS="571" WIDTH="24" HEIGHT="21" CONTENT="in" WC="0.30" CC="67"/>
						<SP ID="P98_SP00154" HPOS="396" VPOS="600" WIDTH="11"/>
						<String ID="P98_ST00169" HPOS="407" VPOS="570" WIDTH="57" HEIGHT="22" CONTENT="such" WC="0.52" CC="7306"/>
						<SP ID="P98_SP00155" HPOS="464" VPOS="600" WIDTH="12"/>
						<String ID="P98_ST00170" HPOS="476" VPOS="570" WIDTH="110" HEIGHT="29" CONTENT="position," WC="0.56" CC="966500073"/>
						<SP ID="P98_SP00156" HPOS="586" VPOS="600" WIDTH="11"/>
						<String ID="P98_ST00171" HPOS="597" VPOS="569" WIDTH="94" HEIGHT="23" CONTENT="instead" WC="0.62" CC="5770006"/>
						<SP ID="P98_SP00157" HPOS="691" VPOS="600" WIDTH="11"/>
						<String ID="P98_ST00172" HPOS="702" VPOS="570" WIDTH="27" HEIGHT="22" CONTENT="of" WC="0.76" CC="40"/>
						<SP ID="P98_SP00158" HPOS="729" VPOS="600" WIDTH="12"/>
						<String ID="P98_ST00173" HPOS="741" VPOS="570" WIDTH="70" HEIGHT="29" CONTENT="using" WC="0.51" CC="07079"/>
						<SP ID="P98_SP00159" HPOS="811" VPOS="600" WIDTH="12"/>
						<String ID="P98_ST00174" HPOS="823" VPOS="572" WIDTH="142" HEIGHT="28" CONTENT="argunients," WC="0.62" CC="05040867071"/>
						<SP ID="P98_SP00160" HPOS="965" VPOS="600" WIDTH="11"/>
						<String ID="P98_ST00175" HPOS="976" VPOS="572" WIDTH="37" HEIGHT="28" CONTENT="try" WC="0.77" CC="060"/>
						<SP ID="P98_SP00161" HPOS="1013" VPOS="600" WIDTH="10"/>
						<String ID="P98_ST00176" HPOS="1023" VPOS="574" WIDTH="24" HEIGHT="20" CONTENT="to" WC="0.92" CC="01"/>
						<SP ID="P98_SP00162" HPOS="1047" VPOS="600" WIDTH="20"/>
						<String ID="P98_ST00177" HPOS="1067" VPOS="578" WIDTH="39" HEIGHT="23" CONTENT="cry" WC="0.44" CC="465"/>
					</TextLine>
					<TextLine ID="P98_TL00016" HPOS="139" VPOS="606" WIDTH="966" HEIGHT="31">
						<String ID="P98_ST00178" HPOS="139" VPOS="609" WIDTH="68" HEIGHT="22" CONTENT="down" WC="0.75" CC="0207"/>
						<SP ID="P98_SP00163" HPOS="207" VPOS="631" WIDTH="12"/>
						<String ID="P98_ST00179" HPOS="219" VPOS="615" WIDTH="29" HEIGHT="15" CONTENT="an" WC="0.63" CC="07"/>
						<SP ID="P98_SP00164" HPOS="248" VPOS="631" WIDTH="12"/>
						<String ID="P98_ST00180" HPOS="260" VPOS="610" WIDTH="118" HEIGHT="26" CONTENT="opponent" WC="0.65" CC="10007575"/>
						<SP ID="P98_SP00165" HPOS="378" VPOS="636" WIDTH="10"/>
						<String ID="P98_ST00181" HPOS="388" VPOS="607" WIDTH="32" HEIGHT="28" CONTENT="by" WC="0.64" CC="70"/>
						<SP ID="P98_SP00166" HPOS="420" VPOS="636" WIDTH="12"/>
						<String ID="P98_ST00182" HPOS="432" VPOS="606" WIDTH="98" HEIGHT="29" CONTENT="making" WC="0.73" CC="403070"/>
						<SP ID="P98_SP00167" HPOS="530" VPOS="636" WIDTH="11"/>
						<String ID="P98_ST00183" HPOS="541" VPOS="606" WIDTH="62" HEIGHT="22" CONTENT="loose" WC="0.76" CC="20045"/>
						<SP ID="P98_SP00168" HPOS="603" VPOS="636" WIDTH="12"/>
						<String ID="P98_ST00184" HPOS="615" VPOS="607" WIDTH="46" HEIGHT="21" CONTENT="and" WC="0.76" CC="070"/>
						<SP ID="P98_SP00169" HPOS="661" VPOS="636" WIDTH="12"/>
						<String ID="P98_ST00185" HPOS="673" VPOS="607" WIDTH="127" HEIGHT="28" CONTENT="indignant" WC="0.63" CC="570007075"/>
						<SP ID="P98_SP00170" HPOS="800" VPOS="636" WIDTH="12"/>
						<String ID="P98_ST00186" HPOS="812" VPOS="609" WIDTH="146" HEIGHT="26" CONTENT="statements," WC="0.62" CC="80001037972"/>
						<SP ID="P98_SP00171" HPOS="958" VPOS="636" WIDTH="11"/>
						<String ID="P98_ST00187" HPOS="969" VPOS="607" WIDTH="40" HEIGHT="23" CONTENT="the" WC="0.77" CC="060"/>
						<SP ID="P98_SP00172" HPOS="1009" VPOS="636" WIDTH="18"/>
						<String ID="P98_ST00188" HPOS="1027" VPOS="609" WIDTH="78" HEIGHT="28" CONTENT="public" WC="0.64" CC="055064"/>
					</TextLine>
					<TextLine ID="P98_TL00017" HPOS="138" VPOS="643" WIDTH="966" HEIGHT="30">
						<String ID="P98_ST00189" HPOS="138" VPOS="644" WIDTH="67" HEIGHT="22" CONTENT="could" WC="0.85" CC="00230"/>
						<SP ID="P98_SP00173" HPOS="205" VPOS="666" WIDTH="11"/>
						<String ID="P98_ST00190" HPOS="216" VPOS="644" WIDTH="83" HEIGHT="29" CONTENT="hardly" WC="0.76" CC="007070"/>
						<SP ID="P98_SP00174" HPOS="299" VPOS="673" WIDTH="21"/>
						<String ID="P98_ST00191" HPOS="320" VPOS="645" WIDTH="82" HEIGHT="27" CONTENT="expect" WC="0.72" CC="300453"/>
						<SP ID="P98_SP00175" HPOS="402" VPOS="673" WIDTH="10"/>
						<String ID="P98_ST00192" HPOS="412" VPOS="645" WIDTH="25" HEIGHT="20" CONTENT="to" WC="0.84" CC="02"/>
						<SP ID="P98_SP00176" HPOS="437" VPOS="673" WIDTH="11"/>
						<String ID="P98_ST00193" HPOS="448" VPOS="644" WIDTH="28" HEIGHT="21" CONTENT="bo" WC="0.48" CC="27"/>
						<SP ID="P98_SP00177" HPOS="476" VPOS="673" WIDTH="14"/>
						<String ID="P98_ST00194" HPOS="490" VPOS="643" WIDTH="152" HEIGHT="29" CONTENT="enlightened" WC="0.63" CC="07636701700"/>
						<SP ID="P98_SP00178" HPOS="642" VPOS="673" WIDTH="12"/>
						<String ID="P98_ST00195" HPOS="654" VPOS="643" WIDTH="31" HEIGHT="29" CONTENT="by" WC="0.50" CC="09"/>
						<SP ID="P98_SP00179" HPOS="685" VPOS="673" WIDTH="12"/>
						<String ID="P98_ST00196" HPOS="697" VPOS="643" WIDTH="65" HEIGHT="22" CONTENT="them" WC="0.84" CC="0006"/>
						<SP ID="P98_SP00180" HPOS="762" VPOS="673" WIDTH="12"/>
						<String ID="P98_ST00197" HPOS="774" VPOS="650" WIDTH="29" HEIGHT="15" CONTENT="on" WC="0.63" CC="07"/>
						<SP ID="P98_SP00181" HPOS="803" VPOS="673" WIDTH="20"/>
						<String ID="P98_ST00198" HPOS="823" VPOS="644" WIDTH="120" HEIGHT="28" CONTENT="questions" WC="0.64" CC="000703578"/>
						<SP ID="P98_SP00182" HPOS="943" VPOS="673" WIDTH="11"/>
						<String ID="P98_ST00199" HPOS="954" VPOS="644" WIDTH="26" HEIGHT="22" CONTENT="of" WC="1.00" CC="00"/>
						<SP ID="P98_SP00183" HPOS="980" VPOS="673" WIDTH="11"/>
						<String ID="P98_ST00200" HPOS="991" VPOS="644" WIDTH="58" HEIGHT="22" CONTENT="vital" WC="0.73" CC="01407"/>
						<SP ID="P98_SP00184" HPOS="1049" VPOS="673" WIDTH="11"/>
						<String ID="P98_ST00201" HPOS="1060" VPOS="645" WIDTH="44" HEIGHT="22" CONTENT="im" SUBS_TYPE="HypPart1" SUBS_CONTENT="importance" WC="0.80" CC="500"/>
						<HYP CONTENT="-"/>
					</TextLine>
					<TextLine ID="P98_TL00018" HPOS="139" VPOS="680" WIDTH="314" HEIGHT="28">
						<String ID="P98_ST00202" HPOS="139" VPOS="683" WIDTH="110" HEIGHT="25" CONTENT="portance" SUBS_TYPE="HypPart2" SUBS_CONTENT="importance" WC="0.70" CC="75200710"/>
						<SP ID="P98_SP00185" HPOS="249" VPOS="708" WIDTH="11"/>
						<String ID="P98_ST00203" HPOS="260" VPOS="683" WIDTH="24" HEIGHT="19" CONTENT="to" WC="0.83" CC="03"/>
						<SP ID="P98_SP00186" HPOS="284" VPOS="708" WIDTH="11"/>
						<String ID="P98_ST00204" HPOS="295" VPOS="680" WIDTH="40" HEIGHT="22" CONTENT="the" WC="0.70" CC="071"/>
						<SP ID="P98_SP00187" HPOS="335" VPOS="708" WIDTH="11"/>
						<String ID="P98_ST00205" HPOS="346" VPOS="682" WIDTH="107" HEIGHT="26" CONTENT="country." WC="0.63" CC="00071893"/>
					</TextLine>
				</TextBlock>
				<TextBlock ID="P98_TB00005" HPOS="134" VPOS="715" WIDTH="970" HEIGHT="326" STYLEREFS="TXT_1 PAR_LEFT">
					<TextLine ID="P98_TL00019" HPOS="166" VPOS="716" WIDTH="938" HEIGHT="30">
						<String ID="P98_ST00206" HPOS="166" VPOS="718" WIDTH="56" HEIGHT="22" CONTENT="And" WC="0.78" CC="060"/>
						<SP ID="P98_SP00188" HPOS="222" VPOS="740" WIDTH="10"/>
						<String ID="P98_ST00207" HPOS="232" VPOS="718" WIDTH="48" HEIGHT="22" CONTENT="this" WC="0.55" CC="0728"/>
						<SP ID="P98_SP00189" HPOS="280" VPOS="740" WIDTH="11"/>
						<String ID="P98_ST00208" HPOS="291" VPOS="720" WIDTH="87" HEIGHT="26" CONTENT="tempts" WC="0.70" CC="047006"/>
						<SP ID="P98_SP00190" HPOS="378" VPOS="746" WIDTH="10"/>
						<String ID="P98_ST00209" HPOS="388" VPOS="724" WIDTH="38" HEIGHT="15" CONTENT="me" WC="0.91" CC="01"/>
						<SP ID="P98_SP00191" HPOS="426" VPOS="746" WIDTH="11"/>
						<String ID="P98_ST00210" HPOS="437" VPOS="724" WIDTH="58" HEIGHT="15" CONTENT="once" WC="0.56" CC="2734"/>
						<SP ID="P98_SP00192" HPOS="495" VPOS="746" WIDTH="12"/>
						<String ID="P98_ST00211" HPOS="507" VPOS="723" WIDTH="64" HEIGHT="16" CONTENT="more" WC="0.42" CC="6537"/>
						<SP ID="P98_SP00193" HPOS="571" VPOS="746" WIDTH="11"/>
						<String ID="P98_ST00212" HPOS="582" VPOS="718" WIDTH="24" HEIGHT="20" CONTENT="to" WC="0.75" CC="04"/>
						<SP ID="P98_SP00194" HPOS="606" VPOS="746" WIDTH="15"/>
						<String ID="P98_ST00213" HPOS="621" VPOS="716" WIDTH="45" HEIGHT="22" CONTENT="call" WC="0.89" CC="0040"/>
						<SP ID="P98_SP00195" HPOS="666" VPOS="746" WIDTH="12"/>
						<String ID="P98_ST00214" HPOS="678" VPOS="716" WIDTH="41" HEIGHT="22" CONTENT="the" WC="0.57" CC="075"/>
						<SP ID="P98_SP00196" HPOS="719" VPOS="746" WIDTH="8"/>
						<String ID="P98_ST00215" HPOS="727" VPOS="716" WIDTH="117" HEIGHT="22" CONTENT="attention" WC="0.66" CC="900170244"/>
						<SP ID="P98_SP00197" HPOS="844" VPOS="746" WIDTH="18"/>
						<String ID="P98_ST00216" HPOS="862" VPOS="716" WIDTH="27" HEIGHT="22" CONTENT="of" WC="0.55" CC="44"/>
						<SP ID="P98_SP00198" HPOS="889" VPOS="746" WIDTH="18"/>
						<String ID="P98_ST00217" HPOS="907" VPOS="716" WIDTH="158" HEIGHT="24" CONTENT="Government" WC="0.51" CC="6671279070"/>
						<SP ID="P98_SP00199" HPOS="1065" VPOS="746" WIDTH="16"/>
						<String ID="P98_ST00218" HPOS="1081" VPOS="721" WIDTH="23" HEIGHT="20" CONTENT="to" WC="0.61" CC="15"/>
					</TextLine>
					<TextLine ID="P98_TL00020" HPOS="134" VPOS="754" WIDTH="969" HEIGHT="30">
						<String ID="P98_ST00219" HPOS="134" VPOS="755" WIDTH="41" HEIGHT="22" CONTENT="the" WC="0.52" CC="076"/>
						<SP ID="P98_SP00200" HPOS="175" VPOS="777" WIDTH="10"/>
						<String ID="P98_ST00220" HPOS="185" VPOS="762" WIDTH="58" HEIGHT="21" CONTENT="very" WC="0.88" CC="0400"/>
						<SP ID="P98_SP00201" HPOS="243" VPOS="783" WIDTH="10"/>
						<String ID="P98_ST00221" HPOS="253" VPOS="757" WIDTH="85" HEIGHT="26" CONTENT="urgent" WC="0.61" CC="509070"/>
						<SP ID="P98_SP00202" HPOS="338" VPOS="783" WIDTH="11"/>
						<String ID="P98_ST00222" HPOS="349" VPOS="754" WIDTH="117" HEIGHT="28" CONTENT="necessity" WC="0.67" CC="705075400"/>
						<SP ID="P98_SP00203" HPOS="466" VPOS="783" WIDTH="13"/>
						<String ID="P98_ST00223" HPOS="479" VPOS="754" WIDTH="77" HEIGHT="22" CONTENT="which" WC="0.70" CC="04037"/>
						<SP ID="P98_SP00204" HPOS="556" VPOS="783" WIDTH="12"/>
						<String ID="P98_ST00224" HPOS="568" VPOS="754" WIDTH="73" HEIGHT="22" CONTENT="exists" WC="0.62" CC="392060"/>
						<SP ID="P98_SP00205" HPOS="641" VPOS="783" WIDTH="12"/>
						<String ID="P98_ST00225" HPOS="653" VPOS="754" WIDTH="27" HEIGHT="22" CONTENT="of" WC="1.00" CC="00"/>
						<SP ID="P98_SP00206" HPOS="680" VPOS="783" WIDTH="11"/>
						<String ID="P98_ST00226" HPOS="691" VPOS="756" WIDTH="23" HEIGHT="20" CONTENT="at" WC="0.54" CC="90"/>
						<SP ID="P98_SP00207" HPOS="714" VPOS="783" WIDTH="12"/>
						<String ID="P98_ST00227" HPOS="726" VPOS="760" WIDTH="59" HEIGHT="16" CONTENT="once" WC="0.59" CC="0753"/>
						<SP ID="P98_SP00208" HPOS="785" VPOS="783" WIDTH="16"/>
						<String ID="P98_ST00228" HPOS="801" VPOS="754" WIDTH="138" HEIGHT="29" CONTENT="publishing" WC="0.70" CC="0101076076"/>
						<SP ID="P98_SP00209" HPOS="939" VPOS="783" WIDTH="11"/>
						<String ID="P98_ST00229" HPOS="950" VPOS="762" WIDTH="83" HEIGHT="22" CONTENT="papers" WC="0.70" CC="000367"/>
						<SP ID="P98_SP00210" HPOS="1033" VPOS="784" WIDTH="17"/>
						<String ID="P98_ST00230" HPOS="1050" VPOS="763" WIDTH="53" HEIGHT="15" CONTENT="con" SUBS_TYPE="HypPart1" SUBS_CONTENT="connected" WC="0.73" CC="0360"/>
						<HYP CONTENT="-"/>
					</TextLine>
					<TextLine ID="P98_TL00021" HPOS="136" VPOS="789" WIDTH="968" HEIGHT="32">
						<String ID="P98_ST00231" HPOS="136" VPOS="791" WIDTH="83" HEIGHT="23" CONTENT="nected" SUBS_TYPE="HypPart2" SUBS_CONTENT="connected" WC="0.59" CC="732055"/>
						<SP ID="P98_SP00211" HPOS="219" VPOS="814" WIDTH="11"/>
						<String ID="P98_ST00232" HPOS="230" VPOS="791" WIDTH="58" HEIGHT="22" CONTENT="with" WC="0.71" CC="0407"/>
						<SP ID="P98_SP00212" HPOS="288" VPOS="814" WIDTH="11"/>
						<String ID="P98_ST00233" HPOS="299" VPOS="790" WIDTH="39" HEIGHT="23" CONTENT="the" WC="0.63" CC="073"/>
						<SP ID="P98_SP00213" HPOS="338" VPOS="814" WIDTH="18"/>
						<String ID="P98_ST00234" HPOS="356" VPOS="797" WIDTH="102" HEIGHT="15" CONTENT="revenue" WC="0.81" CC="0000731"/>
						<SP ID="P98_SP00214" HPOS="458" VPOS="814" WIDTH="18"/>
						<String ID="P98_ST00235" HPOS="476" VPOS="789" WIDTH="135" HEIGHT="23" CONTENT="settlement" WC="0.86" CC="0000006070"/>
						<SP ID="P98_SP00215" HPOS="611" VPOS="814" WIDTH="19"/>
						<String ID="P98_ST00236" HPOS="630" VPOS="789" WIDTH="27" HEIGHT="22" CONTENT="of" WC="0.84" CC="30"/>
						<SP ID="P98_SP00216" HPOS="657" VPOS="814" WIDTH="17"/>
						<String ID="P98_ST00237" HPOS="674" VPOS="789" WIDTH="40" HEIGHT="23" CONTENT="the" WC="0.75" CC="303"/>
						<SP ID="P98_SP00217" HPOS="714" VPOS="814" WIDTH="21"/>
						<String ID="P98_ST00238" HPOS="735" VPOS="789" WIDTH="72" HEIGHT="23" CONTENT="Kaira" WC="0.68" CC="30038"/>
						<SP ID="P98_SP00218" HPOS="807" VPOS="814" WIDTH="20"/>
						<String ID="P98_ST00239" HPOS="827" VPOS="789" WIDTH="158" HEIGHT="24" CONTENT="Collectorate." WC="0.81" CC="3220060310301"/>
						<SP ID="P98_SP00219" HPOS="985" VPOS="814" WIDTH="31"/>
						<String ID="P98_ST00240" HPOS="1016" VPOS="791" WIDTH="25" HEIGHT="22" CONTENT="If" WC="0.84" CC="30"/>
						<SP ID="P98_SP00220" HPOS="1041" VPOS="814" WIDTH="17"/>
						<String ID="P98_ST00241" HPOS="1058" VPOS="799" WIDTH="46" HEIGHT="22" CONTENT="any" WC="0.43" CC="079"/>
					</TextLine>
					<TextLine ID="P98_TL00022" HPOS="135" VPOS="826" WIDTH="969" HEIGHT="31">
						<String ID="P98_ST00242" HPOS="135" VPOS="828" WIDTH="218" HEIGHT="29" CONTENT="misapprehension" WC="0.65" CC="038070056077006"/>
						<SP ID="P98_SP00221" HPOS="353" VPOS="857" WIDTH="11"/>
						<String ID="P98_ST00243" HPOS="364" VPOS="828" WIDTH="73" HEIGHT="22" CONTENT="exists" WC="0.56" CC="075606"/>
						<SP ID="P98_SP00222" HPOS="437" VPOS="857" WIDTH="11"/>
						<String ID="P98_ST00244" HPOS="448" VPOS="835" WIDTH="29" HEIGHT="14" CONTENT="on" WC="0.58" CC="16"/>
						<SP ID="P98_SP00223" HPOS="477" VPOS="857" WIDTH="12"/>
						<String ID="P98_ST00245" HPOS="489" VPOS="828" WIDTH="40" HEIGHT="21" CONTENT="the" WC="0.85" CC="013"/>
						<SP ID="P98_SP00224" HPOS="529" VPOS="857" WIDTH="11"/>
						<String ID="P98_ST00246" HPOS="540" VPOS="830" WIDTH="52" HEIGHT="26" CONTENT="part" WC="0.62" CC="6052"/>
						<SP ID="P98_SP00225" HPOS="592" VPOS="857" WIDTH="12"/>
						<String ID="P98_ST00247" HPOS="604" VPOS="826" WIDTH="26" HEIGHT="23" CONTENT="of" WC="0.73" CC="50"/>
						<SP ID="P98_SP00226" HPOS="630" VPOS="857" WIDTH="11"/>
						<String ID="P98_ST00248" HPOS="641" VPOS="826" WIDTH="39" HEIGHT="23" CONTENT="the" WC="0.70" CC="062"/>
						<SP ID="P98_SP00227" HPOS="680" VPOS="857" WIDTH="12"/>
						<String ID="P98_ST00249" HPOS="692" VPOS="827" WIDTH="93" HEIGHT="21" CONTENT="outside" WC="0.89" CC="0105001"/>
						<SP ID="P98_SP00228" HPOS="785" VPOS="857" WIDTH="11"/>
						<String ID="P98_ST00250" HPOS="796" VPOS="826" WIDTH="79" HEIGHT="29" CONTENT="public" WC="0.68" CC="006552"/>
						<SP ID="P98_SP00229" HPOS="875" VPOS="857" WIDTH="12"/>
						<String ID="P98_ST00251" HPOS="887" VPOS="827" WIDTH="23" HEIGHT="21" CONTENT="in" WC="0.39" CC="47"/>
						<SP ID="P98_SP00230" HPOS="910" VPOS="857" WIDTH="12"/>
						<String ID="P98_ST00252" HPOS="922" VPOS="827" WIDTH="82" HEIGHT="29" CONTENT="regard" WC="0.80" CC="220060"/>
						<SP ID="P98_SP00231" HPOS="1004" VPOS="857" WIDTH="19"/>
						<String ID="P98_ST00253" HPOS="1023" VPOS="831" WIDTH="23" HEIGHT="19" CONTENT="to" WC="0.85" CC="20"/>
						<SP ID="P98_SP00232" HPOS="1046" VPOS="857" WIDTH="18"/>
						<String ID="P98_ST00254" HPOS="1064" VPOS="829" WIDTH="40" HEIGHT="22" CONTENT="the" WC="0.49" CC="275"/>
					</TextLine>
					<TextLine ID="P98_TL00023" HPOS="136" VPOS="863" WIDTH="966" HEIGHT="31">
						<String ID="P98_ST00255" HPOS="136" VPOS="865" WIDTH="55" HEIGHT="22" CONTENT="land" WC="0.69" CC="5070"/>
						<SP ID="P98_SP00233" HPOS="191" VPOS="887" WIDTH="12"/>
						<String ID="P98_ST00256" HPOS="203" VPOS="865" WIDTH="135" HEIGHT="22" CONTENT="settlement" WC="0.69" CC="7001304075"/>
						<SP ID="P98_SP00234" HPOS="338" VPOS="887" WIDTH="10"/>
						<String ID="P98_ST00257" HPOS="348" VPOS="864" WIDTH="27" HEIGHT="22" CONTENT="of" WC="1.00" CC="00"/>
						<SP ID="P98_SP00235" HPOS="375" VPOS="887" WIDTH="9"/>
						<String ID="P98_ST00258" HPOS="384" VPOS="864" WIDTH="48" HEIGHT="22" CONTENT="this" WC="0.63" CC="0616"/>
						<SP ID="P98_SP00236" HPOS="432" VPOS="887" WIDTH="11"/>
						<String ID="P98_ST00259" HPOS="443" VPOS="864" WIDTH="162" HEIGHT="28" CONTENT="Collectorate," WC="0.89" CC="0000040060003"/>
						<SP ID="P98_SP00237" HPOS="605" VPOS="892" WIDTH="12"/>
						<String ID="P98_ST00260" HPOS="617" VPOS="863" WIDTH="18" HEIGHT="22" CONTENT="it" WC="0.89" CC="20"/>
						<SP ID="P98_SP00238" HPOS="635" VPOS="892" WIDTH="12"/>
						<String ID="P98_ST00261" HPOS="647" VPOS="863" WIDTH="77" HEIGHT="30" CONTENT="surely" WC="0.70" CC="704050"/>
						<SP ID="P98_SP00239" HPOS="724" VPOS="893" WIDTH="11"/>
						<String ID="P98_ST00262" HPOS="735" VPOS="864" WIDTH="21" HEIGHT="22" CONTENT="is" WC="0.35" CC="48"/>
						<SP ID="P98_SP00240" HPOS="756" VPOS="893" WIDTH="21"/>
						<String ID="P98_ST00263" HPOS="777" VPOS="865" WIDTH="42" HEIGHT="21" CONTENT="not" WC="0.54" CC="741"/>
						<SP ID="P98_SP00241" HPOS="819" VPOS="893" WIDTH="17"/>
						<String ID="P98_ST00264" HPOS="836" VPOS="864" WIDTH="117" HEIGHT="23" CONTENT="traceable" WC="0.76" CC="150000534"/>
						<SP ID="P98_SP00242" HPOS="953" VPOS="893" WIDTH="11"/>
						<String ID="P98_ST00265" HPOS="964" VPOS="866" WIDTH="25" HEIGHT="21" CONTENT="to" WC="0.64" CC="07"/>
						<SP ID="P98_SP00243" HPOS="989" VPOS="893" WIDTH="17"/>
						<String ID="P98_ST00266" HPOS="1006" VPOS="872" WIDTH="46" HEIGHT="22" CONTENT="any" WC="0.75" CC="070"/>
						<SP ID="P98_SP00244" HPOS="1052" VPOS="894" WIDTH="9"/>
						<String ID="P98_ST00267" HPOS="1061" VPOS="873" WIDTH="41" HEIGHT="14" CONTENT="un" SUBS_TYPE="HypPart1" SUBS_CONTENT="unwillingness" WC="0.67" CC="270"/>
						<HYP CONTENT="-"/>
					</TextLine>
					<TextLine ID="P98_TL00024" HPOS="137" VPOS="900" WIDTH="966" HEIGHT="30">
						<String ID="P98_ST00268" HPOS="137" VPOS="901" WIDTH="146" HEIGHT="29" CONTENT="willingness" SUBS_TYPE="HypPart2" SUBS_CONTENT="unwillingness" WC="0.49" CC="03642756386"/>
						<SP ID="P98_SP00245" HPOS="283" VPOS="930" WIDTH="11"/>
						<String ID="P98_ST00269" HPOS="294" VPOS="909" WIDTH="30" HEIGHT="14" CONTENT="on" WC="0.58" CC="07"/>
						<SP ID="P98_SP00246" HPOS="324" VPOS="930" WIDTH="12"/>
						<String ID="P98_ST00270" HPOS="336" VPOS="901" WIDTH="30" HEIGHT="22" CONTENT="its" WC="0.55" CC="606"/>
						<SP ID="P98_SP00247" HPOS="366" VPOS="930" WIDTH="10"/>
						<String ID="P98_ST00271" HPOS="376" VPOS="903" WIDTH="52" HEIGHT="27" CONTENT="part" WC="0.57" CC="9060"/>
						<SP ID="P98_SP00248" HPOS="428" VPOS="930" WIDTH="11"/>
						<String ID="P98_ST00272" HPOS="439" VPOS="904" WIDTH="24" HEIGHT="18" CONTENT="to" WC="0.96" CC="00"/>
						<SP ID="P98_SP00249" HPOS="463" VPOS="930" WIDTH="12"/>
						<String ID="P98_ST00273" HPOS="475" VPOS="900" WIDTH="80" HEIGHT="22" CONTENT="obtain" WC="0.68" CC="060047"/>
						<SP ID="P98_SP00250" HPOS="555" VPOS="930" WIDTH="10"/>
						<String ID="P98_ST00274" HPOS="565" VPOS="900" WIDTH="41" HEIGHT="22" CONTENT="the" WC="0.54" CC="570"/>
						<SP ID="P98_SP00251" HPOS="606" VPOS="930" WIDTH="11"/>
						<String ID="P98_ST00275" HPOS="617" VPOS="900" WIDTH="93" HEIGHT="22" CONTENT="desired" WC="0.79" CC="0160600"/>
						<SP ID="P98_SP00252" HPOS="710" VPOS="930" WIDTH="9"/>
						<String ID="P98_ST00276" HPOS="719" VPOS="900" WIDTH="161" HEIGHT="29" CONTENT="information," WC="0.67" CC="470055000574"/>
						<SP ID="P98_SP00253" HPOS="880" VPOS="930" WIDTH="12"/>
						<String ID="P98_ST00277" HPOS="892" VPOS="901" WIDTH="42" HEIGHT="22" CONTENT="but" WC="0.58" CC="532"/>
						<SP ID="P98_SP00254" HPOS="934" VPOS="930" WIDTH="11"/>
						<String ID="P98_ST00278" HPOS="945" VPOS="904" WIDTH="24" HEIGHT="20" CONTENT="to" WC="0.66" CC="24"/>
						<SP ID="P98_SP00255" HPOS="969" VPOS="930" WIDTH="11"/>
						<String ID="P98_ST00279" HPOS="980" VPOS="909" WIDTH="14" HEIGHT="15" CONTENT="a" WC="0.26" CC="7"/>
						<SP ID="P98_SP00256" HPOS="994" VPOS="930" WIDTH="12"/>
						<String ID="P98_ST00280" HPOS="1006" VPOS="905" WIDTH="61" HEIGHT="20" CONTENT="want" WC="0.71" CC="0470"/>
						<SP ID="P98_SP00257" HPOS="1067" VPOS="930" WIDTH="11"/>
						<String ID="P98_ST00281" HPOS="1078" VPOS="904" WIDTH="25" HEIGHT="22" CONTENT="of" WC="0.72" CC="50"/>
					</TextLine>
					<TextLine ID="P98_TL00025" HPOS="136" VPOS="937" WIDTH="968" HEIGHT="33">
						<String ID="P98_ST00282" HPOS="136" VPOS="946" WIDTH="78" HEIGHT="15" CONTENT="access" WC="0.52" CC="424376"/>
						<SP ID="P98_SP00258" HPOS="214" VPOS="961" WIDTH="11"/>
						<String ID="P98_ST00283" HPOS="225" VPOS="942" WIDTH="24" HEIGHT="18" CONTENT="to" WC="1.00" CC="00"/>
						<SP ID="P98_SP00259" HPOS="249" VPOS="961" WIDTH="11"/>
						<String ID="P98_ST00284" HPOS="260" VPOS="938" WIDTH="168" HEIGHT="22" CONTENT="authoritative" WC="0.67" CC="0507267200604"/>
						<SP ID="P98_SP00260" HPOS="428" VPOS="961" WIDTH="11"/>
						<String ID="P98_ST00285" HPOS="439" VPOS="937" WIDTH="81" HEIGHT="23" CONTENT="works" WC="0.75" CC="00407"/>
						<SP ID="P98_SP00261" HPOS="520" VPOS="961" WIDTH="11"/>
						<String ID="P98_ST00286" HPOS="531" VPOS="945" WIDTH="29" HEIGHT="15" CONTENT="on" WC="0.45" CC="37"/>
						<SP ID="P98_SP00262" HPOS="560" VPOS="961" WIDTH="11"/>
						<String ID="P98_ST00287" HPOS="571" VPOS="937" WIDTH="41" HEIGHT="23" CONTENT="the" WC="0.77" CC="060"/>
						<SP ID="P98_SP00263" HPOS="612" VPOS="961" WIDTH="11"/>
						<String ID="P98_ST00288" HPOS="623" VPOS="938" WIDTH="98" HEIGHT="29" CONTENT="subject." WC="0.71" CC="75040060"/>
						<SP ID="P98_SP00264" HPOS="721" VPOS="967" WIDTH="31"/>
						<String ID="P98_ST00289" HPOS="752" VPOS="938" WIDTH="57" HEIGHT="22" CONTENT="This" WC="0.62" CC="0716"/>
						<SP ID="P98_SP00265" HPOS="809" VPOS="967" WIDTH="11"/>
						<String ID="P98_ST00290" HPOS="820" VPOS="939" WIDTH="20" HEIGHT="21" CONTENT="is" WC="0.75" CC="31"/>
						<SP ID="P98_SP00266" HPOS="840" VPOS="967" WIDTH="11"/>
						<String ID="P98_ST00291" HPOS="851" VPOS="938" WIDTH="39" HEIGHT="22" CONTENT="the" WC="0.60" CC="470"/>
						<SP ID="P98_SP00267" HPOS="890" VPOS="967" WIDTH="11"/>
						<String ID="P98_ST00292" HPOS="901" VPOS="946" WIDTH="65" HEIGHT="16" CONTENT="more" WC="0.81" CC="0043"/>
						<SP ID="P98_SP00268" HPOS="966" VPOS="967" WIDTH="16"/>
						<String ID="P98_ST00293" HPOS="982" VPOS="948" WIDTH="122" HEIGHT="22" CONTENT="necessary" WC="0.66" CC="722067030"/>
					</TextLine>
					<TextLine ID="P98_TL00026" HPOS="137" VPOS="975" WIDTH="966" HEIGHT="31">
						<String ID="P98_ST00294" HPOS="137" VPOS="975" WIDTH="68" HEIGHT="23" CONTENT="when" WC="0.30" CC="9656"/>
						<SP ID="P98_SP00269" HPOS="205" VPOS="998" WIDTH="18"/>
						<String ID="P98_ST00295" HPOS="223" VPOS="975" WIDTH="80" HEIGHT="29" CONTENT="public" WC="0.96" CC="000001"/>
						<SP ID="P98_SP00270" HPOS="303" VPOS="1004" WIDTH="11"/>
						<String ID="P98_ST00296" HPOS="314" VPOS="975" WIDTH="94" HEIGHT="28" CONTENT="officers," WC="0.73" CC="071110560"/>
						<SP ID="P98_SP00271" HPOS="408" VPOS="1004" WIDTH="11"/>
						<String ID="P98_ST00297" HPOS="419" VPOS="975" WIDTH="92" HEIGHT="22" CONTENT="instead" WC="0.83" CC="4700000"/>
						<SP ID="P98_SP00272" HPOS="511" VPOS="1004" WIDTH="11"/>
						<String ID="P98_ST00298" HPOS="522" VPOS="975" WIDTH="26" HEIGHT="22" CONTENT="of" WC="0.74" CC="50"/>
						<SP ID="P98_SP00273" HPOS="548" VPOS="1004" WIDTH="11"/>
						<String ID="P98_ST00299" HPOS="559" VPOS="975" WIDTH="129" HEIGHT="29" CONTENT="supplying" WC="0.84" CC="000060070"/>
						<SP ID="P98_SP00274" HPOS="688" VPOS="1004" WIDTH="17"/>
						<String ID="P98_ST00300" HPOS="705" VPOS="975" WIDTH="69" HEIGHT="28" CONTENT="facts," WC="0.80" CC="004070"/>
						<SP ID="P98_SP00275" HPOS="774" VPOS="1004" WIDTH="17"/>
						<String ID="P98_ST00301" HPOS="791" VPOS="975" WIDTH="95" HEIGHT="23" CONTENT="furnish" WC="0.48" CC="0176586"/>
						<SP ID="P98_SP00276" HPOS="886" VPOS="1004" WIDTH="19"/>
						<String ID="P98_ST00302" HPOS="905" VPOS="976" WIDTH="56" HEIGHT="30" CONTENT="only" WC="0.61" CC="4730"/>
						<SP ID="P98_SP00277" HPOS="961" VPOS="1006" WIDTH="17"/>
						<String ID="P98_ST00303" HPOS="978" VPOS="977" WIDTH="62" HEIGHT="23" CONTENT="loose" WC="0.68" CC="03551"/>
						<SP ID="P98_SP00278" HPOS="1040" VPOS="1006" WIDTH="17"/>
						<String ID="P98_ST00304" HPOS="1057" VPOS="979" WIDTH="46" HEIGHT="22" CONTENT="and" WC="0.47" CC="672"/>
					</TextLine>
					<TextLine ID="P98_TL00027" HPOS="136" VPOS="1013" WIDTH="866" HEIGHT="28">
						<String ID="P98_ST00305" HPOS="136" VPOS="1014" WIDTH="125" HEIGHT="27" CONTENT="indignant" WC="0.73" CC="080007070"/>
						<SP ID="P98_SP00279" HPOS="261" VPOS="1041" WIDTH="11"/>
						<String ID="P98_ST00306" HPOS="272" VPOS="1015" WIDTH="137" HEIGHT="20" CONTENT="statements" WC="0.78" CC="6000000707"/>
						<SP ID="P98_SP00280" HPOS="409" VPOS="1041" WIDTH="11"/>
						<String ID="P98_ST00307" HPOS="420" VPOS="1020" WIDTH="26" HEIGHT="15" CONTENT="as" WC="0.91" CC="01"/>
						<SP ID="P98_SP00281" HPOS="446" VPOS="1041" WIDTH="11"/>
						<String ID="P98_ST00308" HPOS="457" VPOS="1013" WIDTH="42" HEIGHT="22" CONTENT="has" WC="0.75" CC="700"/>
						<SP ID="P98_SP00282" HPOS="499" VPOS="1041" WIDTH="11"/>
						<String ID="P98_ST00309" HPOS="510" VPOS="1013" WIDTH="59" HEIGHT="22" CONTENT="been" WC="0.77" CC="0207"/>
						<SP ID="P98_SP00283" HPOS="569" VPOS="1041" WIDTH="12"/>
						<String ID="P98_ST00310" HPOS="581" VPOS="1013" WIDTH="39" HEIGHT="22" CONTENT="the" WC="0.67" CC="062"/>
						<SP ID="P98_SP00284" HPOS="620" VPOS="1041" WIDTH="11"/>
						<String ID="P98_ST00311" HPOS="631" VPOS="1020" WIDTH="55" HEIGHT="15" CONTENT="case" WC="0.35" CC="6575"/>
						<SP ID="P98_SP00285" HPOS="686" VPOS="1041" WIDTH="11"/>
						<String ID="P98_ST00312" HPOS="697" VPOS="1013" WIDTH="24" HEIGHT="22" CONTENT="in" WC="0.63" CC="07"/>
						<SP ID="P98_SP00286" HPOS="721" VPOS="1041" WIDTH="11"/>
						<String ID="P98_ST00313" HPOS="732" VPOS="1013" WIDTH="40" HEIGHT="22" CONTENT="the" WC="0.76" CC="070"/>
						<SP ID="P98_SP00287" HPOS="772" VPOS="1041" WIDTH="11"/>
						<String ID="P98_ST00314" HPOS="783" VPOS="1016" WIDTH="94" HEIGHT="25" CONTENT="present" WC="0.66" CC="9700070"/>
						<SP ID="P98_SP00288" HPOS="877" VPOS="1041" WIDTH="12"/>
						<String ID="P98_ST00315" HPOS="889" VPOS="1014" WIDTH="113" HEIGHT="22" CONTENT="instance." WC="0.68" CC="077336000"/>
					</TextLine>
				</TextBlock>
				<TextBlock ID="P98_TB00006" HPOS="165" VPOS="1056" WIDTH="906" HEIGHT="28" STYLEREFS="TXT_1 PAR_CENTER">
					<TextLine ID="P98_TL00028" HPOS="166" VPOS="1057" WIDTH="905" HEIGHT="27">
						<String ID="P98_ST00316" HPOS="166" VPOS="1058" WIDTH="98" HEIGHT="22" CONTENT="October" WC="0.64" CC="0675005"/>
						<SP ID="P98_SP00289" HPOS="264" VPOS="1080" WIDTH="11"/>
						<String ID="P98_ST00317" HPOS="275" VPOS="1058" WIDTH="36" HEIGHT="26" CONTENT="31," WC="0.97" CC="000"/>
						<String ID="P98_ST00318" HPOS="322" VPOS="1057" WIDTH="65" HEIGHT="23" CONTENT="1868." WC="0.77" CC="44020"/>
						<SP ID="P98_SP00290" HPOS="387" VPOS="1084" WIDTH="558"/>
						<String ID="P98_ST00319" HPOS="945" VPOS="1058" WIDTH="126" HEIGHT="25" CONTENT="NERIAD." WC="0.81" CC="0161030"/>
					</TextLine>
				</TextBlock>
				<TextBlock ID="P98_TB00007" HPOS="237" VPOS="1145" WIDTH="760" HEIGHT="25" STYLEREFS="TXT_0 PAR_CENTER">
					<TextLine ID="P98_TL00029" HPOS="238" VPOS="1146" WIDTH="759" HEIGHT="24">
						<String ID="P98_ST00320" HPOS="238" VPOS="1147" WIDTH="64" HEIGHT="22" CONTENT="THE" WC="0.60" CC="083"/>
						<SP ID="P98_SP00291" HPOS="302" VPOS="1169" WIDTH="17"/>
						<String ID="P98_ST00321" HPOS="319" VPOS="1146" WIDTH="87" HEIGHT="23" CONTENT="LAND" WC="0.67" CC="5007"/>
						<SP ID="P98_SP00292" HPOS="406" VPOS="1169" WIDTH="23"/>
						<String ID="P98_ST00322" HPOS="429" VPOS="1146" WIDTH="207" HEIGHT="23" CONTENT="SETTLEMENT" WC="0.87" CC="6000320100"/>
						<SP ID="P98_SP00293" HPOS="636" VPOS="1169" WIDTH="16"/>
						<String ID="P98_ST00323" HPOS="652" VPOS="1147" WIDTH="35" HEIGHT="22" CONTENT="IN" WC="1.00" CC="00"/>
						<SP ID="P98_SP00294" HPOS="687" VPOS="1169" WIDTH="16"/>
						<String ID="P98_ST00324" HPOS="703" VPOS="1147" WIDTH="122" HEIGHT="22" CONTENT="NERIAD" WC="0.78" CC="007005"/>
						<SP ID="P98_SP00295" HPOS="825" VPOS="1169" WIDTH="16"/>
						<String ID="P98_ST00325" HPOS="841" VPOS="1147" WIDTH="156" HEIGHT="23" CONTENT="TALOOKA." WC="0.89" CC="00700001"/>
					</TextLine>
				</TextBlock>
				<TextBlock ID="P98_TB00008" HPOS="400" VPOS="1191" WIDTH="436" HEIGHT="29" STYLEREFS="TXT_1 PAR_CENTER">
					<TextLine ID="P98_TL00030" HPOS="401" VPOS="1192" WIDTH="435" HEIGHT="28">
						<String ID="P98_ST00326" HPOS="401" VPOS="1192" WIDTH="97" HEIGHT="26" CONTENT="(Native" WC="0.54" CC="9005097"/>
						<SP ID="P98_SP00296" HPOS="498" VPOS="1218" WIDTH="14"/>
						<String ID="P98_ST00327" HPOS="512" VPOS="1192" WIDTH="102" HEIGHT="28" CONTENT="Opinion," WC="0.53" CC="39560361"/>
						<SP ID="P98_SP00297" HPOS="614" VPOS="1220" WIDTH="13"/>
						<String ID="P98_ST00328" HPOS="627" VPOS="1192" WIDTH="52" HEIGHT="22" CONTENT="15ih" WC="0.81" CC="0051"/>
						<SP ID="P98_SP00298" HPOS="679" VPOS="1220" WIDTH="10"/>
						<String ID="P98_ST00329" HPOS="689" VPOS="1192" WIDTH="59" HEIGHT="23" CONTENT="Nov." WC="0.45" CC="6680"/>
						<SP ID="P98_SP00299" HPOS="748" VPOS="1220" WIDTH="13"/>
						<String ID="P98_ST00330" HPOS="761" VPOS="1193" WIDTH="75" HEIGHT="27" CONTENT="1868.)" WC="0.80" CC="220330"/>
					</TextLine>
				</TextBlock>
				<TextBlock ID="P98_TB00009" HPOS="127" VPOS="1234" WIDTH="971" HEIGHT="510" STYLEREFS="TXT_1 PAR_LEFT">
					<TextLine ID="P98_TL00031" HPOS="163" VPOS="1235" WIDTH="933" HEIGHT="32">
						<String ID="P98_ST00331" HPOS="163" VPOS="1235" WIDTH="30" HEIGHT="22" CONTENT="So" WC="0.32" CC="66"/>
						<SP ID="P98_SP00300" HPOS="193" VPOS="1257" WIDTH="11"/>
						<String ID="P98_ST00332" HPOS="204" VPOS="1235" WIDTH="70" HEIGHT="22" CONTENT="much" WC="0.74" CC="0514"/>
						<SP ID="P98_SP00301" HPOS="274" VPOS="1257" WIDTH="20"/>
						<String ID="P98_ST00333" HPOS="294" VPOS="1235" WIDTH="43" HEIGHT="22" CONTENT="has" WC="0.56" CC="705"/>
						<SP ID="P98_SP00302" HPOS="337" VPOS="1257" WIDTH="11"/>
						<String ID="P98_ST00334" HPOS="348" VPOS="1235" WIDTH="57" HEIGHT="22" CONTENT="been" WC="0.81" CC="0007"/>
						<SP ID="P98_SP00303" HPOS="405" VPOS="1257" WIDTH="14"/>
						<String ID="P98_ST00335" HPOS="419" VPOS="1235" WIDTH="73" HEIGHT="28" CONTENT="urged" WC="0.83" CC="43000"/>
						<SP ID="P98_SP00304" HPOS="492" VPOS="1263" WIDTH="11"/>
						<String ID="P98_ST00336" HPOS="503" VPOS="1235" WIDTH="25" HEIGHT="22" CONTENT="in" WC="0.63" CC="07"/>
						<SP ID="P98_SP00305" HPOS="528" VPOS="1263" WIDTH="23"/>
						<String ID="P98_ST00337" HPOS="551" VPOS="1238" WIDTH="97" HEIGHT="25" CONTENT="support" WC="0.61" CC="7600381"/>
						<SP ID="P98_SP00306" HPOS="648" VPOS="1263" WIDTH="11"/>
						<String ID="P98_ST00338" HPOS="659" VPOS="1235" WIDTH="27" HEIGHT="22" CONTENT="of" WC="1.00" CC="00"/>
						<SP ID="P98_SP00307" HPOS="686" VPOS="1263" WIDTH="10"/>
						<String ID="P98_ST00339" HPOS="696" VPOS="1235" WIDTH="40" HEIGHT="22" CONTENT="the" WC="0.59" CC="470"/>
						<SP ID="P98_SP00308" HPOS="736" VPOS="1263" WIDTH="21"/>
						<String ID="P98_ST00340" HPOS="757" VPOS="1235" WIDTH="66" HEIGHT="23" CONTENT="Land" WC="0.41" CC="6079"/>
						<SP ID="P98_SP00309" HPOS="823" VPOS="1263" WIDTH="13"/>
						<String ID="P98_ST00341" HPOS="836" VPOS="1236" WIDTH="111" HEIGHT="23" CONTENT="Revenue" WC="0.70" CC="6300720"/>
						<SP ID="P98_SP00310" HPOS="947" VPOS="1263" WIDTH="12"/>
						<String ID="P98_ST00342" HPOS="959" VPOS="1237" WIDTH="91" HEIGHT="30" CONTENT="System" WC="0.70" CC="402036"/>
						<SP ID="P98_SP00311" HPOS="1050" VPOS="1267" WIDTH="20"/>
						<String ID="P98_ST00343" HPOS="1070" VPOS="1238" WIDTH="26" HEIGHT="23" CONTENT="of" WC="0.73" CC="50"/>
					</TextLine>
					<TextLine ID="P98_TL00032" HPOS="133" VPOS="1272" WIDTH="965" HEIGHT="31">
						<String ID="P98_ST00344" HPOS="133" VPOS="1273" WIDTH="46" HEIGHT="22" CONTENT="this" WC="0.55" CC="0458"/>
						<SP ID="P98_SP00312" HPOS="179" VPOS="1295" WIDTH="19"/>
						<String ID="P98_ST00345" HPOS="198" VPOS="1272" WIDTH="148" HEIGHT="29" CONTENT="Presidency," WC="0.72" CC="53382007000"/>
						<SP ID="P98_SP00313" HPOS="346" VPOS="1301" WIDTH="17"/>
						<String ID="P98_ST00346" HPOS="363" VPOS="1273" WIDTH="57" HEIGHT="22" CONTENT="both" WC="0.76" CC="0503"/>
						<SP ID="P98_SP00314" HPOS="420" VPOS="1301" WIDTH="12"/>
						<String ID="P98_ST00347" HPOS="432" VPOS="1273" WIDTH="23" HEIGHT="21" CONTENT="in" WC="0.51" CC="35"/>
						<SP ID="P98_SP00315" HPOS="455" VPOS="1301" WIDTH="18"/>
						<String ID="P98_ST00348" HPOS="473" VPOS="1273" WIDTH="80" HEIGHT="28" CONTENT="public" WC="0.74" CC="046400"/>
						<SP ID="P98_SP00316" HPOS="553" VPOS="1301" WIDTH="19"/>
						<String ID="P98_ST00349" HPOS="572" VPOS="1273" WIDTH="83" HEIGHT="28" CONTENT="prints," WC="0.78" CC="3007200"/>
						<SP ID="P98_SP00317" HPOS="655" VPOS="1301" WIDTH="21"/>
						<String ID="P98_ST00350" HPOS="676" VPOS="1274" WIDTH="47" HEIGHT="22" CONTENT="and" WC="0.66" CC="270"/>
						<SP ID="P98_SP00318" HPOS="723" VPOS="1301" WIDTH="12"/>
						<String ID="P98_ST00351" HPOS="735" VPOS="1274" WIDTH="23" HEIGHT="22" CONTENT="in" WC="0.45" CC="37"/>
						<SP ID="P98_SP00319" HPOS="758" VPOS="1301" WIDTH="20"/>
						<String ID="P98_ST00352" HPOS="778" VPOS="1274" WIDTH="40" HEIGHT="22" CONTENT="the" WC="0.69" CC="063"/>
						<SP ID="P98_SP00320" HPOS="818" VPOS="1301" WIDTH="22"/>
						<String ID="P98_ST00353" HPOS="840" VPOS="1277" WIDTH="91" HEIGHT="26" CONTENT="reports" WC="0.56" CC="7174207"/>
						<SP ID="P98_SP00321" HPOS="931" VPOS="1303" WIDTH="11"/>
						<String ID="P98_ST00354" HPOS="942" VPOS="1275" WIDTH="26" HEIGHT="22" CONTENT="of" WC="0.84" CC="03"/>
						<SP ID="P98_SP00322" HPOS="968" VPOS="1303" WIDTH="20"/>
						<String ID="P98_ST00355" HPOS="988" VPOS="1275" WIDTH="110" HEIGHT="23" CONTENT="Revenue" WC="0.50" CC="8606705"/>
					</TextLine>
					<TextLine ID="P98_TL00033" HPOS="132" VPOS="1309" WIDTH="965" HEIGHT="31">
						<String ID="P98_ST00356" HPOS="132" VPOS="1310" WIDTH="94" HEIGHT="23" CONTENT="Officers" WC="0.78" CC="40000606"/>
						<SP ID="P98_SP00323" HPOS="226" VPOS="1333" WIDTH="10"/>
						<String ID="P98_ST00357" HPOS="236" VPOS="1309" WIDTH="26" HEIGHT="23" CONTENT="of" WC="1.00" CC="00"/>
						<SP ID="P98_SP00324" HPOS="262" VPOS="1333" WIDTH="11"/>
						<String ID="P98_ST00358" HPOS="273" VPOS="1309" WIDTH="168" HEIGHT="29" CONTENT="Government," WC="0.62" CC="70900763600"/>
						<SP ID="P98_SP00325" HPOS="441" VPOS="1338" WIDTH="19"/>
						<String ID="P98_ST00359" HPOS="460" VPOS="1310" WIDTH="52" HEIGHT="22" CONTENT="that" WC="0.77" CC="0710"/>
						<SP ID="P98_SP00326" HPOS="512" VPOS="1338" WIDTH="11"/>
						<String ID="P98_ST00360" HPOS="523" VPOS="1317" WIDTH="44" HEIGHT="15" CONTENT="one" WC="0.74" CC="070"/>
						<SP ID="P98_SP00327" HPOS="567" VPOS="1338" WIDTH="13"/>
						<String ID="P98_ST00361" HPOS="580" VPOS="1310" WIDTH="20" HEIGHT="22" CONTENT="is" WC="0.66" CC="06"/>
						<SP ID="P98_SP00328" HPOS="600" VPOS="1338" WIDTH="10"/>
						<String ID="P98_ST00362" HPOS="610" VPOS="1310" WIDTH="120" HEIGHT="30" CONTENT="naturally" WC="0.72" CC="700550600"/>
						<SP ID="P98_SP00329" HPOS="730" VPOS="1340" WIDTH="11"/>
						<String ID="P98_ST00363" HPOS="741" VPOS="1313" WIDTH="40" HEIGHT="26" CONTENT="apt" WC="0.79" CC="600"/>
						<SP ID="P98_SP00330" HPOS="781" VPOS="1340" WIDTH="12"/>
						<String ID="P98_ST00364" HPOS="793" VPOS="1313" WIDTH="24" HEIGHT="20" CONTENT="to" WC="0.79" CC="04"/>
						<SP ID="P98_SP00331" HPOS="817" VPOS="1340" WIDTH="12"/>
						<String ID="P98_ST00365" HPOS="829" VPOS="1311" WIDTH="95" HEIGHT="23" CONTENT="dismiss" WC="0.49" CC="0355676"/>
						<SP ID="P98_SP00332" HPOS="924" VPOS="1340" WIDTH="11"/>
						<String ID="P98_ST00366" HPOS="935" VPOS="1319" WIDTH="26" HEIGHT="15" CONTENT="as" WC="0.36" CC="93"/>
						<SP ID="P98_SP00333" HPOS="961" VPOS="1340" WIDTH="12"/>
						<String ID="P98_ST00367" HPOS="973" VPOS="1320" WIDTH="124" HEIGHT="15" CONTENT="unreason" SUBS_TYPE="HypPart1" SUBS_CONTENT="unreasonable" WC="0.60" CC="372126270"/>
						<HYP CONTENT="-"/>
					</TextLine>
					<TextLine ID="P98_TL00034" HPOS="132" VPOS="1345" WIDTH="966" HEIGHT="31">
						<String ID="P98_ST00368" HPOS="132" VPOS="1346" WIDTH="51" HEIGHT="22" CONTENT="able" SUBS_TYPE="HypPart2" SUBS_CONTENT="unreasonable" WC="0.84" CC="0060"/>
						<SP ID="P98_SP00334" HPOS="183" VPOS="1368" WIDTH="18"/>
						<String ID="P98_ST00369" HPOS="201" VPOS="1353" WIDTH="47" HEIGHT="21" CONTENT="any" WC="0.75" CC="070"/>
						<SP ID="P98_SP00335" HPOS="248" VPOS="1374" WIDTH="17"/>
						<String ID="P98_ST00370" HPOS="265" VPOS="1345" WIDTH="128" HEIGHT="28" CONTENT="complaint" WC="0.66" CC="056003670"/>
						<SP ID="P98_SP00336" HPOS="393" VPOS="1374" WIDTH="17"/>
						<String ID="P98_ST00371" HPOS="410" VPOS="1345" WIDTH="77" HEIGHT="22" CONTENT="raised" WC="0.78" CC="005600"/>
						<SP ID="P98_SP00337" HPOS="487" VPOS="1374" WIDTH="11"/>
						<String ID="P98_ST00372" HPOS="498" VPOS="1353" WIDTH="30" HEIGHT="15" CONTENT="on" WC="0.46" CC="37"/>
						<SP ID="P98_SP00338" HPOS="528" VPOS="1374" WIDTH="19"/>
						<String ID="P98_ST00373" HPOS="547" VPOS="1346" WIDTH="83" HEIGHT="22" CONTENT="behalf" WC="0.71" CC="127060"/>
						<SP ID="P98_SP00339" HPOS="630" VPOS="1374" WIDTH="13"/>
						<String ID="P98_ST00374" HPOS="643" VPOS="1346" WIDTH="27" HEIGHT="22" CONTENT="of" WC="1.00" CC="00"/>
						<SP ID="P98_SP00340" HPOS="670" VPOS="1374" WIDTH="10"/>
						<String ID="P98_ST00375" HPOS="680" VPOS="1347" WIDTH="41" HEIGHT="22" CONTENT="the" WC="0.69" CC="062"/>
						<SP ID="P98_SP00341" HPOS="721" VPOS="1374" WIDTH="20"/>
						<String ID="P98_ST00376" HPOS="741" VPOS="1350" WIDTH="66" HEIGHT="26" CONTENT="ryots" WC="0.87" CC="00006"/>
						<SP ID="P98_SP00342" HPOS="807" VPOS="1376" WIDTH="12"/>
						<String ID="P98_ST00377" HPOS="819" VPOS="1348" WIDTH="95" HEIGHT="28" CONTENT="against" WC="0.52" CC="0907753"/>
						<SP ID="P98_SP00343" HPOS="914" VPOS="1376" WIDTH="19"/>
						<String ID="P98_ST00378" HPOS="933" VPOS="1349" WIDTH="165" HEIGHT="24" CONTENT="Government." WC="0.57" CC="72906723700"/>
					</TextLine>
					<TextLine ID="P98_TL00035" HPOS="133" VPOS="1383" WIDTH="965" HEIGHT="34">
						<String ID="P98_ST00379" HPOS="133" VPOS="1384" WIDTH="22" HEIGHT="21" CONTENT="It" WC="0.67" CC="06"/>
						<SP ID="P98_SP00344" HPOS="155" VPOS="1405" WIDTH="15"/>
						<String ID="P98_ST00380" HPOS="170" VPOS="1390" WIDTH="74" HEIGHT="16" CONTENT="seems" WC="0.66" CC="01077"/>
						<SP ID="P98_SP00345" HPOS="244" VPOS="1406" WIDTH="21"/>
						<String ID="P98_ST00381" HPOS="265" VPOS="1385" WIDTH="24" HEIGHT="20" CONTENT="to" WC="0.81" CC="03"/>
						<SP ID="P98_SP00346" HPOS="289" VPOS="1406" WIDTH="19"/>
						<String ID="P98_ST00382" HPOS="308" VPOS="1383" WIDTH="29" HEIGHT="22" CONTENT="be" WC="0.66" CC="06"/>
						<SP ID="P98_SP00347" HPOS="337" VPOS="1406" WIDTH="20"/>
						<String ID="P98_ST00383" HPOS="357" VPOS="1383" WIDTH="121" HEIGHT="29" CONTENT="forgotten" WC="0.81" CC="053000007"/>
						<SP ID="P98_SP00348" HPOS="478" VPOS="1412" WIDTH="19"/>
						<String ID="P98_ST00384" HPOS="497" VPOS="1384" WIDTH="51" HEIGHT="22" CONTENT="that" WC="0.97" CC="0000"/>
						<SP ID="P98_SP00349" HPOS="548" VPOS="1412" WIDTH="21"/>
						<String ID="P98_ST00385" HPOS="569" VPOS="1384" WIDTH="40" HEIGHT="22" CONTENT="the" WC="0.64" CC="073"/>
						<SP ID="P98_SP00350" HPOS="609" VPOS="1412" WIDTH="19"/>
						<String ID="P98_ST00386" HPOS="628" VPOS="1384" WIDTH="113" HEIGHT="22" CONTENT="so-called" WC="0.85" CC="840000000"/>
						<SP ID="P98_SP00351" HPOS="741" VPOS="1412" WIDTH="20"/>
						<String ID="P98_ST00387" HPOS="761" VPOS="1385" WIDTH="5" HEIGHT="12" CONTENT="'" WC="0.30" CC="6"/>
						<SP ID="P98_SP00352" HPOS="766" VPOS="1412" WIDTH="8"/>
						<String ID="P98_ST00388" HPOS="774" VPOS="1385" WIDTH="138" HEIGHT="29" CONTENT="perfection'" WC="0.84" CC="00500001270"/>
						<SP ID="P98_SP00353" HPOS="912" VPOS="1414" WIDTH="16"/>
						<String ID="P98_ST00389" HPOS="928" VPOS="1387" WIDTH="46" HEIGHT="22" CONTENT="and" WC="0.61" CC="470"/>
						<SP ID="P98_SP00354" HPOS="974" VPOS="1414" WIDTH="16"/>
						<String ID="P98_ST00390" HPOS="990" VPOS="1389" WIDTH="5" HEIGHT="10" CONTENT="'" WC="0.77" CC="2"/>
						<SP ID="P98_SP00355" HPOS="995" VPOS="1414" WIDTH="10"/>
						<String ID="P98_ST00391" HPOS="1005" VPOS="1387" WIDTH="93" HEIGHT="30" CONTENT="beauty'" WC="0.74" CC="5007500"/>
					</TextLine>
					<TextLine ID="P98_TL00036" HPOS="132" VPOS="1419" WIDTH="966" HEIGHT="35">
						<String ID="P98_ST00392" HPOS="132" VPOS="1420" WIDTH="26" HEIGHT="21" CONTENT="of" WC="0.72" CC="50"/>
						<SP ID="P98_SP00356" HPOS="158" VPOS="1441" WIDTH="10"/>
						<String ID="P98_ST00393" HPOS="168" VPOS="1420" WIDTH="40" HEIGHT="21" CONTENT="the" WC="0.75" CC="070"/>
						<SP ID="P98_SP00357" HPOS="208" VPOS="1441" WIDTH="11"/>
						<String ID="P98_ST00394" HPOS="219" VPOS="1422" WIDTH="95" HEIGHT="26" CONTENT="system," WC="0.60" CC="7083700"/>
						<SP ID="P98_SP00358" HPOS="314" VPOS="1448" WIDTH="21"/>
						<String ID="P98_ST00395" HPOS="335" VPOS="1419" WIDTH="158" HEIGHT="29" CONTENT="inaugurated" WC="0.72" CC="47040540400"/>
						<SP ID="P98_SP00359" HPOS="493" VPOS="1448" WIDTH="12"/>
						<String ID="P98_ST00396" HPOS="505" VPOS="1420" WIDTH="24" HEIGHT="21" CONTENT="in" WC="0.48" CC="27"/>
						<SP ID="P98_SP00360" HPOS="529" VPOS="1448" WIDTH="12"/>
						<String ID="P98_ST00397" HPOS="541" VPOS="1420" WIDTH="48" HEIGHT="22" CONTENT="this" WC="0.65" CC="1740"/>
						<SP ID="P98_SP00361" HPOS="589" VPOS="1448" WIDTH="20"/>
						<String ID="P98_ST00398" HPOS="609" VPOS="1421" WIDTH="143" HEIGHT="29" CONTENT="Presidency" WC="0.66" CC="6505404700"/>
						<SP ID="P98_SP00362" HPOS="752" VPOS="1450" WIDTH="12"/>
						<String ID="P98_ST00399" HPOS="764" VPOS="1423" WIDTH="32" HEIGHT="28" CONTENT="by" WC="1.00" CC="00"/>
						<SP ID="P98_SP00363" HPOS="796" VPOS="1451" WIDTH="18"/>
						<String ID="P98_ST00400" HPOS="814" VPOS="1423" WIDTH="37" HEIGHT="22" CONTENT="Sir" WC="0.61" CC="506"/>
						<SP ID="P98_SP00364" HPOS="851" VPOS="1451" WIDTH="21"/>
						<String ID="P98_ST00401" HPOS="872" VPOS="1423" WIDTH="92" HEIGHT="28" CONTENT="George" WC="0.51" CC="715671"/>
						<SP ID="P98_SP00365" HPOS="964" VPOS="1451" WIDTH="21"/>
						<String ID="P98_ST00402" HPOS="985" VPOS="1424" WIDTH="113" HEIGHT="30" CONTENT="Wingate" WC="0.81" CC="0560000"/>
					</TextLine>
					<TextLine ID="P98_TL00037" HPOS="129" VPOS="1455" WIDTH="969" HEIGHT="29">
						<String ID="P98_ST00403" HPOS="129" VPOS="1456" WIDTH="46" HEIGHT="22" CONTENT="and" WC="0.58" CC="570"/>
						<SP ID="P98_SP00366" HPOS="175" VPOS="1478" WIDTH="8"/>
						<String ID="P98_ST00404" HPOS="183" VPOS="1456" WIDTH="40" HEIGHT="22" CONTENT="the" WC="0.71" CC="170"/>
						<SP ID="P98_SP00367" HPOS="223" VPOS="1478" WIDTH="11"/>
						<String ID="P98_ST00405" HPOS="234" VPOS="1456" WIDTH="47" HEIGHT="22" CONTENT="late" WC="0.68" CC="4008"/>
						<SP ID="P98_SP00368" HPOS="281" VPOS="1478" WIDTH="11"/>
						<String ID="P98_ST00406" HPOS="292" VPOS="1456" WIDTH="42" HEIGHT="22" CONTENT="Mr." WC="1.00" CC="000"/>
						<SP ID="P98_SP00369" HPOS="334" VPOS="1478" WIDTH="10"/>
						<String ID="P98_ST00407" HPOS="344" VPOS="1455" WIDTH="131" HEIGHT="28" CONTENT="Goldsmid," WC="0.59" CC="668050440"/>
						<SP ID="P98_SP00370" HPOS="475" VPOS="1483" WIDTH="12"/>
						<String ID="P98_ST00408" HPOS="487" VPOS="1456" WIDTH="92" HEIGHT="28" CONTENT="require" WC="0.72" CC="5064020"/>
						<SP ID="P98_SP00371" HPOS="579" VPOS="1484" WIDTH="11"/>
						<String ID="P98_ST00409" HPOS="590" VPOS="1456" WIDTH="51" HEIGHT="23" CONTENT="that" WC="0.71" CC="3710"/>
						<SP ID="P98_SP00372" HPOS="641" VPOS="1484" WIDTH="13"/>
						<String ID="P98_ST00410" HPOS="654" VPOS="1458" WIDTH="19" HEIGHT="22" CONTENT="it" WC="0.61" CC="61"/>
						<SP ID="P98_SP00373" HPOS="673" VPOS="1484" WIDTH="12"/>
						<String ID="P98_ST00411" HPOS="685" VPOS="1458" WIDTH="84" HEIGHT="22" CONTENT="should" WC="0.67" CC="774000"/>
						<SP ID="P98_SP00374" HPOS="769" VPOS="1484" WIDTH="15"/>
						<String ID="P98_ST00412" HPOS="784" VPOS="1461" WIDTH="62" HEIGHT="20" CONTENT="meet" WC="0.89" CC="3000"/>
						<SP ID="P98_SP00375" HPOS="846" VPOS="1484" WIDTH="11"/>
						<String ID="P98_ST00413" HPOS="857" VPOS="1460" WIDTH="39" HEIGHT="22" CONTENT="the" WC="0.57" CC="461"/>
						<SP ID="P98_SP00376" HPOS="896" VPOS="1484" WIDTH="20"/>
						<String ID="P98_ST00414" HPOS="916" VPOS="1462" WIDTH="75" HEIGHT="21" CONTENT="wants" WC="0.69" CC="00707"/>
						<SP ID="P98_SP00377" HPOS="991" VPOS="1484" WIDTH="21"/>
						<String ID="P98_ST00415" HPOS="1012" VPOS="1461" WIDTH="26" HEIGHT="22" CONTENT="of" WC="0.41" CC="74"/>
						<SP ID="P98_SP00378" HPOS="1038" VPOS="1484" WIDTH="20"/>
						<String ID="P98_ST00416" HPOS="1058" VPOS="1462" WIDTH="40" HEIGHT="22" CONTENT="the" WC="0.59" CC="065"/>
					</TextLine>
					<TextLine ID="P98_TL00038" HPOS="129" VPOS="1492" WIDTH="968" HEIGHT="34">
						<String ID="P98_ST00417" HPOS="129" VPOS="1494" WIDTH="52" HEIGHT="27" CONTENT="ryot" WC="0.96" CC="0001"/>
						<SP ID="P98_SP00379" HPOS="181" VPOS="1521" WIDTH="11"/>
						<String ID="P98_ST00418" HPOS="192" VPOS="1500" WIDTH="25" HEIGHT="14" CONTENT="as" WC="0.59" CC="08"/>
						<SP ID="P98_SP00380" HPOS="217" VPOS="1521" WIDTH="11"/>
						<String ID="P98_ST00419" HPOS="228" VPOS="1492" WIDTH="53" HEIGHT="22" CONTENT="well" WC="0.82" CC="0340"/>
						<SP ID="P98_SP00381" HPOS="281" VPOS="1521" WIDTH="12"/>
						<String ID="P98_ST00420" HPOS="293" VPOS="1499" WIDTH="25" HEIGHT="14" CONTENT="as" WC="0.13" CC="97"/>
						<SP ID="P98_SP00382" HPOS="318" VPOS="1521" WIDTH="10"/>
						<String ID="P98_ST00421" HPOS="328" VPOS="1492" WIDTH="26" HEIGHT="21" CONTENT="of" WC="0.68" CC="60"/>
						<SP ID="P98_SP00383" HPOS="354" VPOS="1521" WIDTH="11"/>
						<String ID="P98_ST00422" HPOS="365" VPOS="1492" WIDTH="40" HEIGHT="21" CONTENT="the" WC="0.58" CC="570"/>
						<SP ID="P98_SP00384" HPOS="405" VPOS="1521" WIDTH="12"/>
						<String ID="P98_ST00423" HPOS="417" VPOS="1492" WIDTH="64" HEIGHT="22" CONTENT="State" WC="0.70" CC="25033"/>
						<SP ID="P98_SP00385" HPOS="481" VPOS="1521" WIDTH="11"/>
						<String ID="P98_ST00424" HPOS="492" VPOS="1493" WIDTH="24" HEIGHT="20" CONTENT="in" WC="0.58" CC="07"/>
						<SP ID="P98_SP00386" HPOS="516" VPOS="1521" WIDTH="12"/>
						<String ID="P98_ST00425" HPOS="528" VPOS="1500" WIDTH="13" HEIGHT="14" CONTENT="a" WC="0.69" CC="3"/>
						<SP ID="P98_SP00387" HPOS="541" VPOS="1521" WIDTH="10"/>
						<String ID="P98_ST00426" HPOS="551" VPOS="1493" WIDTH="48" HEIGHT="22" CONTENT="fair" WC="0.91" CC="0003"/>
						<SP ID="P98_SP00388" HPOS="599" VPOS="1521" WIDTH="11"/>
						<String ID="P98_ST00427" HPOS="610" VPOS="1494" WIDTH="47" HEIGHT="21" CONTENT="and" WC="0.46" CC="780"/>
						<SP ID="P98_SP00389" HPOS="657" VPOS="1521" WIDTH="20"/>
						<String ID="P98_ST00428" HPOS="677" VPOS="1494" WIDTH="130" HEIGHT="23" CONTENT="honorable" WC="0.66" CC="645520005"/>
						<SP ID="P98_SP00390" HPOS="807" VPOS="1521" WIDTH="20"/>
						<String ID="P98_ST00429" HPOS="827" VPOS="1495" WIDTH="76" HEIGHT="29" CONTENT="spirit." WC="0.86" CC="7000000"/>
						<SP ID="P98_SP00391" HPOS="903" VPOS="1524" WIDTH="31"/>
						<String ID="P98_ST00430" HPOS="934" VPOS="1497" WIDTH="63" HEIGHT="29" CONTENT="And," WC="0.64" CC="0760"/>
						<SP ID="P98_SP00392" HPOS="997" VPOS="1526" WIDTH="21"/>
						<String ID="P98_ST00431" HPOS="1018" VPOS="1497" WIDTH="21" HEIGHT="22" CONTENT="if" WC="0.94" CC="10"/>
						<SP ID="P98_SP00393" HPOS="1039" VPOS="1526" WIDTH="18"/>
						<String ID="P98_ST00432" HPOS="1057" VPOS="1498" WIDTH="40" HEIGHT="22" CONTENT="the" WC="0.47" CC="365"/>
					</TextLine>
					<TextLine ID="P98_TL00039" HPOS="128" VPOS="1528" WIDTH="969" HEIGHT="34">
						<String ID="P98_ST00433" HPOS="128" VPOS="1529" WIDTH="121" HEIGHT="29" CONTENT="professed" WC="0.78" CC="000036260"/>
						<SP ID="P98_SP00394" HPOS="249" VPOS="1558" WIDTH="11"/>
						<String ID="P98_ST00434" HPOS="260" VPOS="1529" WIDTH="78" HEIGHT="29" CONTENT="object" WC="0.74" CC="124203"/>
						<SP ID="P98_SP00395" HPOS="338" VPOS="1558" WIDTH="11"/>
						<String ID="P98_ST00435" HPOS="349" VPOS="1528" WIDTH="26" HEIGHT="22" CONTENT="of" WC="1.00" CC="00"/>
						<SP ID="P98_SP00396" HPOS="375" VPOS="1558" WIDTH="10"/>
						<String ID="P98_ST00436" HPOS="385" VPOS="1528" WIDTH="161" HEIGHT="23" CONTENT="Government" WC="0.55" CC="7370071674"/>
						<SP ID="P98_SP00397" HPOS="546" VPOS="1558" WIDTH="10"/>
						<String ID="P98_ST00437" HPOS="556" VPOS="1530" WIDTH="25" HEIGHT="21" CONTENT="in" WC="0.45" CC="46"/>
						<SP ID="P98_SP00398" HPOS="581" VPOS="1558" WIDTH="11"/>
						<String ID="P98_ST00438" HPOS="592" VPOS="1530" WIDTH="40" HEIGHT="22" CONTENT="the" WC="0.57" CC="570"/>
						<SP ID="P98_SP00399" HPOS="632" VPOS="1558" WIDTH="12"/>
						<String ID="P98_ST00439" HPOS="644" VPOS="1531" WIDTH="162" HEIGHT="23" CONTENT="introduction" WC="0.61" CC="770140260427"/>
						<SP ID="P98_SP00400" HPOS="806" VPOS="1558" WIDTH="23"/>
						<String ID="P98_ST00440" HPOS="829" VPOS="1532" WIDTH="27" HEIGHT="22" CONTENT="of" WC="0.88" CC="20"/>
						<SP ID="P98_SP00401" HPOS="856" VPOS="1558" WIDTH="20"/>
						<String ID="P98_ST00441" HPOS="876" VPOS="1539" WIDTH="14" HEIGHT="15" CONTENT="a" WC="1.00" CC="0"/>
						<SP ID="P98_SP00402" HPOS="890" VPOS="1558" WIDTH="21"/>
						<String ID="P98_ST00442" HPOS="911" VPOS="1533" WIDTH="84" HEIGHT="29" CONTENT="Thirty" WC="0.48" CC="070499"/>
						<SP ID="P98_SP00403" HPOS="995" VPOS="1562" WIDTH="22"/>
						<String ID="P98_ST00443" HPOS="1017" VPOS="1533" WIDTH="80" HEIGHT="23" CONTENT="Years'" WC="0.67" CC="240606"/>
					</TextLine>
					<TextLine ID="P98_TL00040" HPOS="128" VPOS="1565" WIDTH="968" HEIGHT="32">
						<String ID="P98_ST00444" HPOS="128" VPOS="1566" WIDTH="137" HEIGHT="22" CONTENT="Settlement" WC="0.57" CC="4659440070"/>
						<SP ID="P98_SP00404" HPOS="265" VPOS="1588" WIDTH="10"/>
						<String ID="P98_ST00445" HPOS="275" VPOS="1566" WIDTH="50" HEIGHT="22" CONTENT="into" WC="0.53" CC="4707"/>
						<SP ID="P98_SP00405" HPOS="325" VPOS="1588" WIDTH="11"/>
						<String ID="P98_ST00446" HPOS="336" VPOS="1566" WIDTH="40" HEIGHT="22" CONTENT="the" WC="0.75" CC="070"/>
						<SP ID="P98_SP00406" HPOS="376" VPOS="1588" WIDTH="11"/>
						<String ID="P98_ST00447" HPOS="387" VPOS="1565" WIDTH="106" HEIGHT="29" CONTENT="Bombay" WC="0.60" CC="745600"/>
						<SP ID="P98_SP00407" HPOS="493" VPOS="1594" WIDTH="12"/>
						<String ID="P98_ST00448" HPOS="505" VPOS="1566" WIDTH="142" HEIGHT="29" CONTENT="Presidency" WC="0.62" CC="1225406760"/>
						<SP ID="P98_SP00408" HPOS="647" VPOS="1595" WIDTH="9"/>
						<String ID="P98_ST00449" HPOS="656" VPOS="1567" WIDTH="28" HEIGHT="22" CONTENT="be" WC="0.76" CC="04"/>
						<SP ID="P98_SP00409" HPOS="684" VPOS="1595" WIDTH="11"/>
						<String ID="P98_ST00450" HPOS="695" VPOS="1570" WIDTH="24" HEIGHT="19" CONTENT="to" WC="0.67" CC="06"/>
						<SP ID="P98_SP00410" HPOS="719" VPOS="1595" WIDTH="11"/>
						<String ID="P98_ST00451" HPOS="730" VPOS="1568" WIDTH="114" HEIGHT="22" CONTENT="establish" WC="0.61" CC="074300377"/>
						<SP ID="P98_SP00411" HPOS="844" VPOS="1595" WIDTH="10"/>
						<String ID="P98_ST00452" HPOS="854" VPOS="1569" WIDTH="119" HEIGHT="28" CONTENT="equitable" WC="0.85" CC="005000043"/>
						<SP ID="P98_SP00412" HPOS="973" VPOS="1597" WIDTH="11"/>
						<String ID="P98_ST00453" HPOS="984" VPOS="1571" WIDTH="112" HEIGHT="23" CONTENT="relations" WC="0.61" CC="316003478"/>
					</TextLine>
					<TextLine ID="P98_TL00041" HPOS="128" VPOS="1601" WIDTH="967" HEIGHT="32">
						<String ID="P98_ST00454" HPOS="128" VPOS="1601" WIDTH="105" HEIGHT="22" CONTENT="between" WC="0.74" CC="5005006"/>
						<SP ID="P98_SP00413" HPOS="233" VPOS="1623" WIDTH="11"/>
						<String ID="P98_ST00455" HPOS="244" VPOS="1602" WIDTH="39" HEIGHT="22" CONTENT="the" WC="0.72" CC="052"/>
						<SP ID="P98_SP00414" HPOS="283" VPOS="1624" WIDTH="11"/>
						<String ID="P98_ST00456" HPOS="294" VPOS="1604" WIDTH="53" HEIGHT="26" CONTENT="ryot" WC="0.48" CC="4960"/>
						<SP ID="P98_SP00415" HPOS="347" VPOS="1630" WIDTH="10"/>
						<String ID="P98_ST00457" HPOS="357" VPOS="1601" WIDTH="46" HEIGHT="22" CONTENT="and" WC="0.75" CC="070"/>
						<SP ID="P98_SP00416" HPOS="403" VPOS="1630" WIDTH="12"/>
						<String ID="P98_ST00458" HPOS="415" VPOS="1601" WIDTH="38" HEIGHT="22" CONTENT="the" WC="0.58" CC="075"/>
						<SP ID="P98_SP00417" HPOS="453" VPOS="1630" WIDTH="12"/>
						<String ID="P98_ST00459" HPOS="465" VPOS="1601" WIDTH="70" HEIGHT="30" CONTENT="State," WC="0.75" CC="530050"/>
						<SP ID="P98_SP00418" HPOS="535" VPOS="1631" WIDTH="12"/>
						<String ID="P98_ST00460" HPOS="547" VPOS="1603" WIDTH="17" HEIGHT="21" CONTENT="it" WC="0.94" CC="01"/>
						<SP ID="P98_SP00419" HPOS="564" VPOS="1631" WIDTH="12"/>
						<String ID="P98_ST00461" HPOS="576" VPOS="1603" WIDTH="20" HEIGHT="21" CONTENT="is" WC="0.46" CC="55"/>
						<SP ID="P98_SP00420" HPOS="596" VPOS="1631" WIDTH="11"/>
						<String ID="P98_ST00462" HPOS="607" VPOS="1603" WIDTH="39" HEIGHT="22" CONTENT="the" WC="0.77" CC="060"/>
						<SP ID="P98_SP00421" HPOS="646" VPOS="1631" WIDTH="12"/>
						<String ID="P98_ST00463" HPOS="658" VPOS="1604" WIDTH="58" HEIGHT="29" CONTENT="duty" WC="0.60" CC="0609"/>
						<SP ID="P98_SP00422" HPOS="716" VPOS="1633" WIDTH="12"/>
						<String ID="P98_ST00464" HPOS="728" VPOS="1605" WIDTH="26" HEIGHT="21" CONTENT="of" WC="0.96" CC="00"/>
						<SP ID="P98_SP00423" HPOS="754" VPOS="1633" WIDTH="11"/>
						<String ID="P98_ST00465" HPOS="765" VPOS="1605" WIDTH="30" HEIGHT="21" CONTENT="its" WC="0.54" CC="417"/>
						<SP ID="P98_SP00424" HPOS="795" VPOS="1633" WIDTH="22"/>
						<String ID="P98_ST00466" HPOS="817" VPOS="1605" WIDTH="124" HEIGHT="23" CONTENT="executive" WC="0.66" CC="090030492"/>
						<SP ID="P98_SP00425" HPOS="941" VPOS="1633" WIDTH="23"/>
						<String ID="P98_ST00467" HPOS="964" VPOS="1606" WIDTH="89" HEIGHT="23" CONTENT="officers" WC="0.75" CC="40003038"/>
						<SP ID="P98_SP00426" HPOS="1053" VPOS="1633" WIDTH="18"/>
						<String ID="P98_ST00468" HPOS="1071" VPOS="1610" WIDTH="24" HEIGHT="20" CONTENT="to" WC="0.46" CC="09"/>
					</TextLine>
					<TextLine ID="P98_TL00042" HPOS="127" VPOS="1638" WIDTH="968" HEIGHT="34">
						<String ID="P98_ST00469" HPOS="127" VPOS="1645" WIDTH="37" HEIGHT="15" CONTENT="see" WC="0.44" CC="843"/>
						<SP ID="P98_SP00427" HPOS="164" VPOS="1660" WIDTH="11"/>
						<String ID="P98_ST00470" HPOS="175" VPOS="1638" WIDTH="49" HEIGHT="22" CONTENT="that" WC="0.81" CC="0700"/>
						<SP ID="P98_SP00428" HPOS="224" VPOS="1660" WIDTH="11"/>
						<String ID="P98_ST00471" HPOS="235" VPOS="1638" WIDTH="47" HEIGHT="22" CONTENT="this" WC="0.49" CC="0757"/>
						<SP ID="P98_SP00429" HPOS="282" VPOS="1660" WIDTH="16"/>
						<String ID="P98_ST00472" HPOS="298" VPOS="1638" WIDTH="76" HEIGHT="29" CONTENT="object" WC="0.76" CC="104440"/>
						<SP ID="P98_SP00430" HPOS="374" VPOS="1667" WIDTH="21"/>
						<String ID="P98_ST00473" HPOS="395" VPOS="1638" WIDTH="20" HEIGHT="22" CONTENT="is" WC="0.48" CC="36"/>
						<SP ID="P98_SP00431" HPOS="415" VPOS="1667" WIDTH="11"/>
						<String ID="P98_ST00474" HPOS="426" VPOS="1638" WIDTH="109" HEIGHT="29" CONTENT="properly" WC="0.70" CC="77050030"/>
						<SP ID="P98_SP00432" HPOS="535" VPOS="1667" WIDTH="10"/>
						<String ID="P98_ST00475" HPOS="545" VPOS="1638" WIDTH="94" HEIGHT="29" CONTENT="gained." WC="0.77" CC="6016100"/>
						<SP ID="P98_SP00433" HPOS="639" VPOS="1667" WIDTH="30"/>
						<String ID="P98_ST00476" HPOS="669" VPOS="1639" WIDTH="50" HEIGHT="23" CONTENT="The" WC="0.56" CC="075"/>
						<SP ID="P98_SP00434" HPOS="719" VPOS="1667" WIDTH="11"/>
						<String ID="P98_ST00477" HPOS="730" VPOS="1640" WIDTH="135" HEIGHT="23" CONTENT="settlement" WC="0.65" CC="4234016073"/>
						<SP ID="P98_SP00435" HPOS="865" VPOS="1667" WIDTH="11"/>
						<String ID="P98_ST00478" HPOS="876" VPOS="1641" WIDTH="43" HEIGHT="23" CONTENT="has" WC="0.74" CC="007"/>
						<SP ID="P98_SP00436" HPOS="919" VPOS="1667" WIDTH="11"/>
						<String ID="P98_ST00479" HPOS="930" VPOS="1642" WIDTH="59" HEIGHT="23" CONTENT="been" WC="0.76" CC="0017"/>
						<SP ID="P98_SP00437" HPOS="989" VPOS="1667" WIDTH="12"/>
						<String ID="P98_ST00480" HPOS="1001" VPOS="1644" WIDTH="94" HEIGHT="28" CONTENT="already" WC="0.73" CC="0336600"/>
					</TextLine>
					<TextLine ID="P98_TL00043" HPOS="128" VPOS="1675" WIDTH="967" HEIGHT="31">
						<String ID="P98_ST00481" HPOS="128" VPOS="1675" WIDTH="136" HEIGHT="22" CONTENT="introduced" WC="0.65" CC="3705006830"/>
						<SP ID="P98_SP00438" HPOS="264" VPOS="1697" WIDTH="12"/>
						<String ID="P98_ST00482" HPOS="276" VPOS="1675" WIDTH="50" HEIGHT="22" CONTENT="into" WC="0.58" CC="2706"/>
						<SP ID="P98_SP00439" HPOS="326" VPOS="1697" WIDTH="10"/>
						<String ID="P98_ST00483" HPOS="336" VPOS="1675" WIDTH="40" HEIGHT="22" CONTENT="the" WC="0.61" CC="064"/>
						<SP ID="P98_SP00440" HPOS="376" VPOS="1697" WIDTH="10"/>
						<String ID="P98_ST00484" HPOS="386" VPOS="1675" WIDTH="88" HEIGHT="22" CONTENT="several" WC="0.97" CC="0001000"/>
						<SP ID="P98_SP00441" HPOS="474" VPOS="1697" WIDTH="18"/>
						<String ID="P98_ST00485" HPOS="492" VPOS="1675" WIDTH="67" HEIGHT="22" CONTENT="zillas" WC="0.56" CC="447217"/>
						<SP ID="P98_SP00442" HPOS="559" VPOS="1697" WIDTH="16"/>
						<String ID="P98_ST00486" HPOS="575" VPOS="1676" WIDTH="27" HEIGHT="22" CONTENT="of" WC="0.27" CC="68"/>
						<SP ID="P98_SP00443" HPOS="602" VPOS="1698" WIDTH="19"/>
						<String ID="P98_ST00487" HPOS="621" VPOS="1677" WIDTH="41" HEIGHT="22" CONTENT="the" WC="0.61" CC="361"/>
						<SP ID="P98_SP00444" HPOS="662" VPOS="1699" WIDTH="22"/>
						<String ID="P98_ST00488" HPOS="684" VPOS="1677" WIDTH="149" HEIGHT="29" CONTENT="Presidency." WC="0.68" CC="03373007404"/>
						<SP ID="P98_SP00445" HPOS="833" VPOS="1706" WIDTH="33"/>
						<String ID="P98_ST00489" HPOS="866" VPOS="1677" WIDTH="28" HEIGHT="23" CONTENT="In" WC="0.52" CC="27"/>
						<SP ID="P98_SP00446" HPOS="894" VPOS="1706" WIDTH="23"/>
						<String ID="P98_ST00490" HPOS="917" VPOS="1679" WIDTH="39" HEIGHT="22" CONTENT="the" WC="0.78" CC="060"/>
						<SP ID="P98_SP00447" HPOS="956" VPOS="1706" WIDTH="22"/>
						<String ID="P98_ST00491" HPOS="978" VPOS="1679" WIDTH="117" HEIGHT="23" CONTENT="Southern" WC="0.68" CC="56500007"/>
					</TextLine>
					<TextLine ID="P98_TL00044" HPOS="127" VPOS="1710" WIDTH="967" HEIGHT="34">
						<String ID="P98_ST00492" HPOS="127" VPOS="1710" WIDTH="114" HEIGHT="23" CONTENT="Division," WC="0.57" CC="060276572"/>
						<SP ID="P98_SP00448" HPOS="241" VPOS="1733" WIDTH="12"/>
						<String ID="P98_ST00493" HPOS="253" VPOS="1712" WIDTH="18" HEIGHT="21" CONTENT="it" WC="0.96" CC="00"/>
						<SP ID="P98_SP00449" HPOS="271" VPOS="1733" WIDTH="11"/>
						<String ID="P98_ST00494" HPOS="282" VPOS="1711" WIDTH="41" HEIGHT="23" CONTENT="has" WC="0.46" CC="708"/>
						<SP ID="P98_SP00450" HPOS="323" VPOS="1734" WIDTH="12"/>
						<String ID="P98_ST00495" HPOS="335" VPOS="1712" WIDTH="58" HEIGHT="22" CONTENT="been" WC="0.67" CC="0227"/>
						<SP ID="P98_SP00451" HPOS="393" VPOS="1734" WIDTH="19"/>
						<String ID="P98_ST00496" HPOS="412" VPOS="1712" WIDTH="24" HEIGHT="22" CONTENT="in" WC="0.38" CC="47"/>
						<SP ID="P98_SP00452" HPOS="436" VPOS="1734" WIDTH="19"/>
						<String ID="P98_ST00497" HPOS="455" VPOS="1712" WIDTH="120" HEIGHT="28" CONTENT="operation" WC="0.62" CC="684600007"/>
						<SP ID="P98_SP00453" HPOS="575" VPOS="1740" WIDTH="22"/>
						<String ID="P98_ST00498" HPOS="597" VPOS="1713" WIDTH="24" HEIGHT="22" CONTENT="in" WC="0.40" CC="47"/>
						<SP ID="P98_SP00454" HPOS="621" VPOS="1740" WIDTH="23"/>
						<String ID="P98_ST00499" HPOS="644" VPOS="1713" WIDTH="86" HEIGHT="30" CONTENT="Poona," WC="0.67" CC="353700"/>
						<SP ID="P98_SP00455" HPOS="730" VPOS="1743" WIDTH="21"/>
						<String ID="P98_ST00500" HPOS="751" VPOS="1714" WIDTH="197" HEIGHT="30" CONTENT="Ahmednuggur," WC="0.65" CC="060107389102"/>
						<SP ID="P98_SP00456" HPOS="948" VPOS="1744" WIDTH="24"/>
						<String ID="P98_ST00501" HPOS="972" VPOS="1716" WIDTH="122" HEIGHT="28" CONTENT="Belgaura," WC="0.73" CC="030590111"/>
					</TextLine>
				</TextBlock>
			</PrintSpace>
		</Page>
	</Layout>
</alto>
