<?xml version="1.0" encoding="UTF-8"?>
<alto xmlns:xsi="http://www.w3.org/2001/XMLSchema-instance" xsi:noNamespaceSchemaLocation="http://www.bl.uk/schemas/alto/alto-1-4.xsd" xmlns:xlink="http://www.w3.org/1999/xlink">
	<Description>
		<MeasurementUnit>mm10</MeasurementUnit>
		<sourceImageInformation>
			<fileName>//head1/IN/2008-10/A0011314272/000126.jp2</fileName>
		</sourceImageInformation>
		<OCRProcessing ID="OCRPROCESSING_1">
			<preProcessingStep>
				<processingSoftware>
					<softwareCreator>CCS Content Conversion Specialists GmbH, Germany</softwareCreator>
					<softwareName>CCS docWORKS</softwareName>
					<softwareVersion>6.1-0.67</softwareVersion>
				</processingSoftware>
			</preProcessingStep>
			<ocrProcessingStep>
				<processingSoftware>
					<softwareCreator>ABBYY (BIT Software), Russia</softwareCreator>
					<softwareName>Finereader</softwareName>
				</processingSoftware>
			</ocrProcessingStep>
		</OCRProcessing>
	</Description>
	<Styles/>
	<Layout>
		<Page ID="P122" PHYSICAL_IMG_NR="122" HEIGHT="1837" WIDTH="1212" POSITION="Left">
			<TopMargin ID="P122_TM00001" HPOS="0" VPOS="0" WIDTH="1211" HEIGHT="0"/>
			<LeftMargin ID="P122_LM00001" HPOS="0" VPOS="0" WIDTH="0" HEIGHT="1837"/>
			<RightMargin ID="P122_RM00001" HPOS="1211" VPOS="0" WIDTH="0" HEIGHT="1837"/>
			<BottomMargin ID="P122_BM00001" HPOS="0" VPOS="1837" WIDTH="1211" HEIGHT="0"/>
			<PrintSpace ID="P122_PS00001" HPOS="0" VPOS="0" WIDTH="1211" HEIGHT="1837"/>
		</Page>
	</Layout>
</alto>
