<?xml version="1.0" encoding="UTF-8"?>
<alto xmlns:xsi="http://www.w3.org/2001/XMLSchema-instance" xsi:noNamespaceSchemaLocation="http://www.bl.uk/schemas/alto/alto-1-4.xsd" xmlns:xlink="http://www.w3.org/1999/xlink">
	<Description>
		<MeasurementUnit>mm10</MeasurementUnit>
		<sourceImageInformation>
			<fileName>//head1/IN/2008-10/A0011314272/000013.jp2</fileName>
		</sourceImageInformation>
		<OCRProcessing ID="OCRPROCESSING_1">
			<preProcessingStep>
				<processingSoftware>
					<softwareCreator>CCS Content Conversion Specialists GmbH, Germany</softwareCreator>
					<softwareName>CCS docWORKS</softwareName>
					<softwareVersion>6.1-0.67</softwareVersion>
				</processingSoftware>
			</preProcessingStep>
			<ocrProcessingStep>
				<processingSoftware>
					<softwareCreator>ABBYY (BIT Software), Russia</softwareCreator>
					<softwareName>Finereader</softwareName>
				</processingSoftware>
			</ocrProcessingStep>
		</OCRProcessing>
	</Description>
	<Styles>
		<TextStyle ID="TXT_0" FONTSIZE="10" FONTFAMILY="Courier New"/>
		<TextStyle ID="TXT_1" FONTSIZE="9" FONTFAMILY="Courier New"/>
		<ParagraphStyle ID="PAR_RIGHT" ALIGN="Right"/>
		<ParagraphStyle ID="PAR_LEFT" ALIGN="Left"/>
	</Styles>
	<Layout>
		<Page ID="P15" PHYSICAL_IMG_NR="15" HEIGHT="1837" WIDTH="1212" PRINTED_IMG_NR="5" POSITION="Right" ACCURACY="63.36">
			<TopMargin ID="P15_TM00001" HPOS="0" VPOS="0" WIDTH="1211" HEIGHT="66">
				<TextBlock ID="P15_TB00001" HPOS="1029" VPOS="39" WIDTH="14" HEIGHT="26" STYLEREFS="TXT_0 PAR_RIGHT">
					<TextLine ID="P15_TL00001" HPOS="1029" VPOS="39" WIDTH="14" HEIGHT="26">
						<String ID="P15_ST00001" HPOS="1029" VPOS="39" WIDTH="14" HEIGHT="26" CONTENT="5" WC="1.00" CC="0"/>
					</TextLine>
				</TextBlock>
				<TextBlock ID="P15_TB00002" HPOS="258" VPOS="44" WIDTH="608" HEIGHT="20" STYLEREFS="TXT_1 PAR_LEFT">
					<TextLine ID="P15_TL00002" HPOS="259" VPOS="44" WIDTH="607" HEIGHT="20">
						<String ID="P15_ST00002" HPOS="259" VPOS="44" WIDTH="128" HEIGHT="19" CONTENT="GENERAL" WC="0.63" CC="2660045"/>
						<SP ID="P15_SP00001" HPOS="387" VPOS="63" WIDTH="20"/>
						<String ID="P15_ST00003" HPOS="407" VPOS="45" WIDTH="182" HEIGHT="18" CONTENT="DESCRIPTION" WC="0.52" CC="73279074009"/>
						<SP ID="P15_SP00002" HPOS="589" VPOS="63" WIDTH="19"/>
						<String ID="P15_ST00004" HPOS="608" VPOS="45" WIDTH="35" HEIGHT="18" CONTENT="OF" WC="0.48" CC="37"/>
						<SP ID="P15_SP00003" HPOS="643" VPOS="63" WIDTH="19"/>
						<String ID="P15_ST00005" HPOS="662" VPOS="46" WIDTH="54" HEIGHT="17" CONTENT="THE" WC="0.56" CC="066"/>
						<SP ID="P15_SP00004" HPOS="716" VPOS="63" WIDTH="19"/>
						<String ID="P15_ST00006" HPOS="735" VPOS="46" WIDTH="131" HEIGHT="18" CONTENT="DISTRICT." WC="0.70" CC="707070400"/>
					</TextLine>
				</TextBlock>
			</TopMargin>
			<LeftMargin ID="P15_LM00001" HPOS="0" VPOS="66" WIDTH="81" HEIGHT="1648"/>
			<RightMargin ID="P15_RM00001" HPOS="1048" VPOS="66" WIDTH="163" HEIGHT="1648"/>
			<BottomMargin ID="P15_BM00001" HPOS="0" VPOS="1714" WIDTH="1211" HEIGHT="123"/>
			<PrintSpace ID="P15_PS00001" HPOS="81" VPOS="66" WIDTH="967" HEIGHT="1648">
				<TextBlock ID="P15_TB00003" HPOS="81" VPOS="108" WIDTH="967" HEIGHT="1606" STYLEREFS="TXT_1 PAR_LEFT">
					<TextLine ID="P15_TL00003" HPOS="83" VPOS="108" WIDTH="963" HEIGHT="38">
						<String ID="P15_ST00007" HPOS="83" VPOS="108" WIDTH="31" HEIGHT="27" CONTENT="of" WC="0.50" CC="09"/>
						<SP ID="P15_SP00005" HPOS="114" VPOS="135" WIDTH="9"/>
						<String ID="P15_ST00008" HPOS="123" VPOS="118" WIDTH="81" HEIGHT="27" CONTENT="every" WC="0.89" CC="00050"/>
						<SP ID="P15_SP00006" HPOS="204" VPOS="145" WIDTH="12"/>
						<String ID="P15_ST00009" HPOS="216" VPOS="109" WIDTH="126" HEIGHT="27" CONTENT="available" WC="0.79" CC="203044002"/>
						<SP ID="P15_SP00007" HPOS="342" VPOS="145" WIDTH="14"/>
						<String ID="P15_ST00010" HPOS="356" VPOS="110" WIDTH="80" HEIGHT="35" CONTENT="piece." WC="0.57" CC="925600"/>
						<SP ID="P15_SP00008" HPOS="436" VPOS="145" WIDTH="41"/>
						<String ID="P15_ST00011" HPOS="477" VPOS="110" WIDTH="26" HEIGHT="25" CONTENT="It" WC="0.80" CC="04"/>
						<SP ID="P15_SP00009" HPOS="503" VPOS="145" WIDTH="13"/>
						<String ID="P15_ST00012" HPOS="516" VPOS="110" WIDTH="21" HEIGHT="25" CONTENT="is" WC="0.29" CC="67"/>
						<SP ID="P15_SP00010" HPOS="537" VPOS="145" WIDTH="14"/>
						<String ID="P15_ST00013" HPOS="551" VPOS="110" WIDTH="174" HEIGHT="34" CONTENT="remarkable," WC="0.52" CC="17093086570"/>
						<SP ID="P15_SP00011" HPOS="725" VPOS="145" WIDTH="15"/>
						<String ID="P15_ST00014" HPOS="740" VPOS="111" WIDTH="131" HEIGHT="35" CONTENT="however," WC="0.66" CC="70900063"/>
						<SP ID="P15_SP00012" HPOS="871" VPOS="146" WIDTH="14"/>
						<String ID="P15_ST00015" HPOS="885" VPOS="111" WIDTH="59" HEIGHT="27" CONTENT="that" WC="0.51" CC="5706"/>
						<SP ID="P15_SP00013" HPOS="944" VPOS="146" WIDTH="24"/>
						<String ID="P15_ST00016" HPOS="968" VPOS="112" WIDTH="78" HEIGHT="27" CONTENT="while" WC="0.35" CC="87267"/>
					</TextLine>
					<TextLine ID="P15_TL00004" HPOS="84" VPOS="152" WIDTH="963" HEIGHT="36">
						<String ID="P15_ST00017" HPOS="84" VPOS="152" WIDTH="54" HEIGHT="27" CONTENT="side" WC="0.85" CC="4001"/>
						<SP ID="P15_SP00014" HPOS="138" VPOS="179" WIDTH="16"/>
						<String ID="P15_ST00018" HPOS="154" VPOS="152" WIDTH="34" HEIGHT="36" CONTENT="by" WC="0.66" CC="60"/>
						<SP ID="P15_SP00015" HPOS="188" VPOS="188" WIDTH="16"/>
						<String ID="P15_ST00019" HPOS="204" VPOS="153" WIDTH="54" HEIGHT="26" CONTENT="side" WC="0.52" CC="7506"/>
						<SP ID="P15_SP00016" HPOS="258" VPOS="188" WIDTH="14"/>
						<String ID="P15_ST00020" HPOS="272" VPOS="153" WIDTH="65" HEIGHT="26" CONTENT="with" WC="0.35" CC="7467"/>
						<SP ID="P15_SP00017" HPOS="337" VPOS="188" WIDTH="14"/>
						<String ID="P15_ST00021" HPOS="351" VPOS="153" WIDTH="52" HEIGHT="26" CONTENT="this" WC="0.68" CC="0506"/>
						<SP ID="P15_SP00018" HPOS="403" VPOS="188" WIDTH="13"/>
						<String ID="P15_ST00022" HPOS="416" VPOS="152" WIDTH="228" HEIGHT="36" CONTENT="thickly-peopled" WC="0.75" CC="063075040050300"/>
						<SP ID="P15_SP00019" HPOS="644" VPOS="188" WIDTH="26"/>
						<String ID="P15_ST00023" HPOS="670" VPOS="153" WIDTH="114" HEIGHT="34" CONTENT="district," WC="0.56" CC="955103670"/>
						<SP ID="P15_SP00020" HPOS="784" VPOS="188" WIDTH="26"/>
						<String ID="P15_ST00024" HPOS="810" VPOS="154" WIDTH="73" HEIGHT="26" CONTENT="there" WC="0.73" CC="07050"/>
						<SP ID="P15_SP00021" HPOS="883" VPOS="188" WIDTH="20"/>
						<String ID="P15_ST00025" HPOS="903" VPOS="155" WIDTH="47" HEIGHT="26" CONTENT="lies" WC="0.59" CC="5451"/>
						<SP ID="P15_SP00022" HPOS="950" VPOS="188" WIDTH="27"/>
						<String ID="P15_ST00026" HPOS="977" VPOS="155" WIDTH="70" HEIGHT="27" CONTENT="what" WC="0.74" CC="9000"/>
					</TextLine>
					<TextLine ID="P15_TL00005" HPOS="84" VPOS="195" WIDTH="962" HEIGHT="39">
						<String ID="P15_ST00027" HPOS="84" VPOS="206" WIDTH="63" HEIGHT="25" CONTENT="may" WC="0.67" CC="090"/>
						<SP ID="P15_SP00023" HPOS="147" VPOS="231" WIDTH="9"/>
						<String ID="P15_ST00028" HPOS="156" VPOS="195" WIDTH="32" HEIGHT="27" CONTENT="be" WC="0.58" CC="70"/>
						<SP ID="P15_SP00024" HPOS="188" VPOS="231" WIDTH="13"/>
						<String ID="P15_ST00029" HPOS="201" VPOS="195" WIDTH="103" HEIGHT="27" CONTENT="termed" WC="0.77" CC="004620"/>
						<SP ID="P15_SP00025" HPOS="304" VPOS="231" WIDTH="13"/>
						<String ID="P15_ST00030" HPOS="317" VPOS="196" WIDTH="94" HEIGHT="26" CONTENT="almost" WC="0.59" CC="045067"/>
						<SP ID="P15_SP00026" HPOS="411" VPOS="231" WIDTH="13"/>
						<String ID="P15_ST00031" HPOS="424" VPOS="206" WIDTH="15" HEIGHT="16" CONTENT="a" WC="0.55" CC="4"/>
						<SP ID="P15_SP00027" HPOS="439" VPOS="231" WIDTH="13"/>
						<String ID="P15_ST00032" HPOS="452" VPOS="195" WIDTH="87" HEIGHT="27" CONTENT="desert" WC="0.52" CC="072674"/>
						<SP ID="P15_SP00028" HPOS="539" VPOS="231" WIDTH="13"/>
						<String ID="P15_ST00033" HPOS="552" VPOS="200" WIDTH="78" HEIGHT="23" CONTENT="waste" WC="0.70" CC="80600"/>
						<SP ID="P15_SP00029" HPOS="630" VPOS="231" WIDTH="12"/>
						<String ID="P15_ST00034" HPOS="642" VPOS="196" WIDTH="117" HEIGHT="36" CONTENT="forming" WC="0.58" CC="0709470"/>
						<SP ID="P15_SP00030" HPOS="759" VPOS="232" WIDTH="14"/>
						<String ID="P15_ST00035" HPOS="773" VPOS="197" WIDTH="42" HEIGHT="26" CONTENT="the" WC="0.58" CC="371"/>
						<SP ID="P15_SP00031" HPOS="815" VPOS="232" WIDTH="14"/>
						<String ID="P15_ST00036" HPOS="829" VPOS="199" WIDTH="125" HEIGHT="35" CONTENT="territory" WC="0.53" CC="664209750"/>
						<SP ID="P15_SP00032" HPOS="954" VPOS="234" WIDTH="13"/>
						<String ID="P15_ST00037" HPOS="967" VPOS="198" WIDTH="31" HEIGHT="26" CONTENT="of" WC="0.72" CC="50"/>
						<SP ID="P15_SP00033" HPOS="998" VPOS="234" WIDTH="4"/>
						<String ID="P15_ST00038" HPOS="1002" VPOS="199" WIDTH="44" HEIGHT="26" CONTENT="the" WC="0.35" CC="675"/>
					</TextLine>
					<TextLine ID="P15_TL00006" HPOS="85" VPOS="239" WIDTH="962" HEIGHT="38">
						<String ID="P15_ST00039" HPOS="85" VPOS="240" WIDTH="96" HEIGHT="27" CONTENT="Punch" WC="0.59" CC="70506"/>
						<SP ID="P15_SP00034" HPOS="181" VPOS="267" WIDTH="14"/>
						<String ID="P15_ST00040" HPOS="195" VPOS="239" WIDTH="103" HEIGHT="27" CONTENT="Mahals" WC="0.55" CC="097206"/>
						<String ID="P15_ST00041" HPOS="300" VPOS="256" WIDTH="34" HEIGHT="3" CONTENT="—" WC="0.20" CC="8"/>
						<String ID="P15_ST00042" HPOS="336" VPOS="240" WIDTH="87" HEIGHT="26" CONTENT="where" WC="0.42" CC="97470"/>
						<SP ID="P15_SP00035" HPOS="423" VPOS="267" WIDTH="14"/>
						<String ID="P15_ST00043" HPOS="437" VPOS="240" WIDTH="153" HEIGHT="35" CONTENT="population" WC="0.71" CC="0305761301"/>
						<SP ID="P15_SP00036" HPOS="590" VPOS="275" WIDTH="13"/>
						<String ID="P15_ST00044" HPOS="603" VPOS="240" WIDTH="22" HEIGHT="26" CONTENT="is" WC="0.43" CC="46"/>
						<SP ID="P15_SP00037" HPOS="625" VPOS="275" WIDTH="14"/>
						<String ID="P15_ST00045" HPOS="639" VPOS="251" WIDTH="28" HEIGHT="16" CONTENT="so" WC="0.47" CC="73"/>
						<SP ID="P15_SP00038" HPOS="667" VPOS="275" WIDTH="14"/>
						<String ID="P15_ST00046" HPOS="681" VPOS="250" WIDTH="87" HEIGHT="25" CONTENT="sparse" WC="0.52" CC="704950"/>
						<String ID="P15_ST00047" HPOS="771" VPOS="256" WIDTH="33" HEIGHT="3" CONTENT="—" WC="0.20" CC="8"/>
						<String ID="P15_ST00048" HPOS="806" VPOS="241" WIDTH="74" HEIGHT="26" CONTENT="there" WC="0.73" CC="50150"/>
						<SP ID="P15_SP00039" HPOS="880" VPOS="275" WIDTH="26"/>
						<String ID="P15_ST00049" HPOS="906" VPOS="241" WIDTH="22" HEIGHT="26" CONTENT="is" WC="0.73" CC="05"/>
						<SP ID="P15_SP00040" HPOS="928" VPOS="275" WIDTH="24"/>
						<String ID="P15_ST00050" HPOS="952" VPOS="241" WIDTH="95" HEIGHT="36" CONTENT="hardly" WC="0.63" CC="605910"/>
					</TextLine>
					<TextLine ID="P15_TL00007" HPOS="86" VPOS="282" WIDTH="961" HEIGHT="37">
						<String ID="P15_ST00051" HPOS="86" VPOS="293" WIDTH="52" HEIGHT="25" CONTENT="any" WC="0.72" CC="080"/>
						<SP ID="P15_SP00041" HPOS="138" VPOS="318" WIDTH="14"/>
						<String ID="P15_ST00052" HPOS="152" VPOS="287" WIDTH="112" HEIGHT="30" CONTENT="attempt" WC="0.64" CC="6036007"/>
						<SP ID="P15_SP00042" HPOS="264" VPOS="318" WIDTH="13"/>
						<String ID="P15_ST00053" HPOS="277" VPOS="282" WIDTH="76" HEIGHT="27" CONTENT="made" WC="1.00" CC="0000"/>
						<SP ID="P15_SP00043" HPOS="353" VPOS="318" WIDTH="14"/>
						<String ID="P15_ST00054" HPOS="367" VPOS="286" WIDTH="28" HEIGHT="23" CONTENT="at" WC="0.80" CC="03"/>
						<SP ID="P15_SP00044" HPOS="395" VPOS="318" WIDTH="12"/>
						<String ID="P15_ST00055" HPOS="407" VPOS="284" WIDTH="166" HEIGHT="34" CONTENT="emigration." WC="0.80" CC="00183001060"/>
						<SP ID="P15_SP00045" HPOS="573" VPOS="318" WIDTH="41"/>
						<String ID="P15_ST00056" HPOS="614" VPOS="283" WIDTH="35" HEIGHT="27" CONTENT="So" WC="0.41" CC="64"/>
						<SP ID="P15_SP00046" HPOS="649" VPOS="318" WIDTH="11"/>
						<String ID="P15_ST00057" HPOS="660" VPOS="284" WIDTH="91" HEIGHT="35" CONTENT="fondly" WC="0.59" CC="248900"/>
						<SP ID="P15_SP00047" HPOS="751" VPOS="319" WIDTH="10"/>
						<String ID="P15_ST00058" HPOS="761" VPOS="284" WIDTH="66" HEIGHT="26" CONTENT="have" WC="0.52" CC="6704"/>
						<SP ID="P15_SP00048" HPOS="827" VPOS="319" WIDTH="10"/>
						<String ID="P15_ST00059" HPOS="837" VPOS="284" WIDTH="43" HEIGHT="26" CONTENT="the" WC="0.59" CC="074"/>
						<SP ID="P15_SP00049" HPOS="880" VPOS="319" WIDTH="14"/>
						<String ID="P15_ST00060" HPOS="894" VPOS="285" WIDTH="153" HEIGHT="26" CONTENT="cultivators" WC="0.44" CC="08664066497"/>
					</TextLine>
					<TextLine ID="P15_TL00008" HPOS="85" VPOS="326" WIDTH="963" HEIGHT="35">
						<String ID="P15_ST00061" HPOS="85" VPOS="327" WIDTH="31" HEIGHT="26" CONTENT="of" WC="0.55" CC="26"/>
						<SP ID="P15_SP00050" HPOS="116" VPOS="353" WIDTH="10"/>
						<String ID="P15_ST00062" HPOS="126" VPOS="327" WIDTH="52" HEIGHT="26" CONTENT="this" WC="0.44" CC="2747"/>
						<SP ID="P15_SP00051" HPOS="178" VPOS="353" WIDTH="14"/>
						<String ID="P15_ST00063" HPOS="192" VPOS="327" WIDTH="59" HEIGHT="25" CONTENT="zilla" WC="0.55" CC="70157"/>
						<SP ID="P15_SP00052" HPOS="251" VPOS="353" WIDTH="13"/>
						<String ID="P15_ST00064" HPOS="264" VPOS="326" WIDTH="80" HEIGHT="35" CONTENT="clung" WC="0.72" CC="41440"/>
						<SP ID="P15_SP00053" HPOS="344" VPOS="361" WIDTH="15"/>
						<String ID="P15_ST00065" HPOS="359" VPOS="329" WIDTH="28" HEIGHT="23" CONTENT="to" WC="0.44" CC="46"/>
						<SP ID="P15_SP00054" HPOS="387" VPOS="361" WIDTH="12"/>
						<String ID="P15_ST00066" HPOS="399" VPOS="326" WIDTH="70" HEIGHT="26" CONTENT="their" WC="0.65" CC="07045"/>
						<SP ID="P15_SP00055" HPOS="469" VPOS="361" WIDTH="13"/>
						<String ID="P15_ST00067" HPOS="482" VPOS="326" WIDTH="57" HEIGHT="34" CONTENT="soil," WC="0.75" CC="60103"/>
						<SP ID="P15_SP00056" HPOS="539" VPOS="361" WIDTH="14"/>
						<String ID="P15_ST00068" HPOS="553" VPOS="326" WIDTH="58" HEIGHT="27" CONTENT="that" WC="0.86" CC="0050"/>
						<SP ID="P15_SP00057" HPOS="611" VPOS="361" WIDTH="8"/>
						<String ID="P15_ST00069" HPOS="619" VPOS="327" WIDTH="62" HEIGHT="34" CONTENT="they" WC="0.28" CC="7749"/>
						<SP ID="P15_SP00058" HPOS="681" VPOS="361" WIDTH="12"/>
						<String ID="P15_ST00070" HPOS="693" VPOS="327" WIDTH="86" HEIGHT="26" CONTENT="would" WC="0.70" CC="07700"/>
						<SP ID="P15_SP00059" HPOS="779" VPOS="361" WIDTH="13"/>
						<String ID="P15_ST00071" HPOS="792" VPOS="328" WIDTH="89" HEIGHT="25" CONTENT="rather" WC="0.25" CC="779766"/>
						<SP ID="P15_SP00060" HPOS="881" VPOS="361" WIDTH="20"/>
						<String ID="P15_ST00072" HPOS="901" VPOS="328" WIDTH="98" HEIGHT="26" CONTENT="endure" WC="0.65" CC="040636"/>
						<SP ID="P15_SP00061" HPOS="999" VPOS="361" WIDTH="14"/>
						<String ID="P15_ST00073" HPOS="1013" VPOS="328" WIDTH="35" HEIGHT="26" CONTENT="all" WC="0.44" CC="655"/>
					</TextLine>
					<TextLine ID="P15_TL00009" HPOS="88" VPOS="369" WIDTH="959" HEIGHT="36">
						<String ID="P15_ST00074" HPOS="88" VPOS="370" WIDTH="44" HEIGHT="26" CONTENT="the" WC="0.34" CC="774"/>
						<SP ID="P15_SP00062" HPOS="132" VPOS="396" WIDTH="12"/>
						<String ID="P15_ST00075" HPOS="144" VPOS="379" WIDTH="193" HEIGHT="25" CONTENT="consequences" WC="0.83" CC="003000008205"/>
						<SP ID="P15_SP00063" HPOS="337" VPOS="404" WIDTH="25"/>
						<String ID="P15_ST00076" HPOS="362" VPOS="369" WIDTH="130" HEIGHT="35" CONTENT="resulting" WC="0.66" CC="455050170"/>
						<SP ID="P15_SP00064" HPOS="492" VPOS="404" WIDTH="14"/>
						<String ID="P15_ST00077" HPOS="506" VPOS="369" WIDTH="68" HEIGHT="26" CONTENT="from" WC="0.72" CC="6400"/>
						<SP ID="P15_SP00065" HPOS="574" VPOS="404" WIDTH="15"/>
						<String ID="P15_ST00078" HPOS="589" VPOS="380" WIDTH="14" HEIGHT="16" CONTENT="a" WC="1.00" CC="0"/>
						<SP ID="P15_SP00066" HPOS="603" VPOS="404" WIDTH="13"/>
						<String ID="P15_ST00079" HPOS="616" VPOS="370" WIDTH="68" HEIGHT="26" CONTENT="keen" WC="0.76" CC="0207"/>
						<SP ID="P15_SP00067" HPOS="684" VPOS="404" WIDTH="24"/>
						<String ID="P15_ST00080" HPOS="708" VPOS="371" WIDTH="170" HEIGHT="34" CONTENT="competition" WC="0.71" CC="00500056067"/>
						<SP ID="P15_SP00068" HPOS="878" VPOS="405" WIDTH="14"/>
						<String ID="P15_ST00081" HPOS="892" VPOS="370" WIDTH="40" HEIGHT="27" CONTENT="for" WC="0.41" CC="169"/>
						<SP ID="P15_SP00069" HPOS="932" VPOS="405" WIDTH="12"/>
						<String ID="P15_ST00082" HPOS="944" VPOS="371" WIDTH="62" HEIGHT="26" CONTENT="land" WC="0.42" CC="7870"/>
						<SP ID="P15_SP00070" HPOS="1006" VPOS="405" WIDTH="15"/>
						<String ID="P15_ST00083" HPOS="1021" VPOS="372" WIDTH="26" HEIGHT="25" CONTENT="in" WC="0.20" CC="78"/>
					</TextLine>
					<TextLine ID="P15_TL00010" HPOS="87" VPOS="412" WIDTH="959" HEIGHT="37">
						<String ID="P15_ST00084" HPOS="87" VPOS="413" WIDTH="68" HEIGHT="26" CONTENT="their" WC="0.66" CC="17007"/>
						<SP ID="P15_SP00071" HPOS="155" VPOS="439" WIDTH="22"/>
						<String ID="P15_ST00085" HPOS="177" VPOS="422" WIDTH="59" HEIGHT="17" CONTENT="own" WC="0.38" CC="395"/>
						<SP ID="P15_SP00072" HPOS="236" VPOS="439" WIDTH="25"/>
						<String ID="P15_ST00086" HPOS="261" VPOS="413" WIDTH="98" HEIGHT="35" CONTENT="village" WC="0.92" CC="0010002"/>
						<SP ID="P15_SP00073" HPOS="359" VPOS="448" WIDTH="14"/>
						<String ID="P15_ST00087" HPOS="373" VPOS="412" WIDTH="64" HEIGHT="27" CONTENT="than" WC="0.65" CC="2740"/>
						<SP ID="P15_SP00074" HPOS="437" VPOS="448" WIDTH="27"/>
						<String ID="P15_ST00088" HPOS="464" VPOS="422" WIDTH="106" HEIGHT="17" CONTENT="remove" WC="0.90" CC="500000"/>
						<SP ID="P15_SP00075" HPOS="570" VPOS="448" WIDTH="22"/>
						<String ID="P15_ST00089" HPOS="592" VPOS="416" WIDTH="26" HEIGHT="23" CONTENT="to" WC="0.45" CC="73"/>
						<SP ID="P15_SP00076" HPOS="618" VPOS="448" WIDTH="23"/>
						<String ID="P15_ST00090" HPOS="641" VPOS="413" WIDTH="43" HEIGHT="26" CONTENT="the" WC="0.52" CC="274"/>
						<SP ID="P15_SP00077" HPOS="684" VPOS="448" WIDTH="20"/>
						<String ID="P15_ST00091" HPOS="704" VPOS="413" WIDTH="198" HEIGHT="36" CONTENT="neighbouring" WC="0.49" CC="752067614656"/>
						<SP ID="P15_SP00078" HPOS="902" VPOS="449" WIDTH="13"/>
						<String ID="P15_ST00092" HPOS="915" VPOS="414" WIDTH="131" HEIGHT="35" CONTENT="territory." WC="0.69" CC="0626430700"/>
					</TextLine>
					<TextLine ID="P15_TL00011" HPOS="87" VPOS="456" WIDTH="960" HEIGHT="37">
						<String ID="P15_ST00093" HPOS="87" VPOS="456" WIDTH="81" HEIGHT="27" CONTENT="There" WC="0.68" CC="07026"/>
						<SP ID="P15_SP00079" HPOS="168" VPOS="483" WIDTH="14"/>
						<String ID="P15_ST00094" HPOS="182" VPOS="457" WIDTH="22" HEIGHT="25" CONTENT="is" WC="0.57" CC="35"/>
						<SP ID="P15_SP00080" HPOS="204" VPOS="483" WIDTH="13"/>
						<String ID="P15_ST00095" HPOS="217" VPOS="466" WIDTH="34" HEIGHT="17" CONTENT="no" WC="0.53" CC="26"/>
						<SP ID="P15_SP00081" HPOS="251" VPOS="483" WIDTH="14"/>
						<String ID="P15_ST00096" HPOS="265" VPOS="456" WIDTH="83" HEIGHT="27" CONTENT="doubt" WC="0.85" CC="00070"/>
						<SP ID="P15_SP00082" HPOS="348" VPOS="483" WIDTH="12"/>
						<String ID="P15_ST00097" HPOS="360" VPOS="456" WIDTH="58" HEIGHT="27" CONTENT="that" WC="0.66" CC="5700"/>
						<SP ID="P15_SP00083" HPOS="418" VPOS="483" WIDTH="11"/>
						<String ID="P15_ST00098" HPOS="429" VPOS="456" WIDTH="22" HEIGHT="27" CONTENT="if" WC="0.47" CC="55"/>
						<SP ID="P15_SP00084" HPOS="451" VPOS="483" WIDTH="13"/>
						<String ID="P15_ST00099" HPOS="464" VPOS="466" WIDTH="72" HEIGHT="17" CONTENT="some" WC="0.76" CC="0260"/>
						<SP ID="P15_SP00085" HPOS="536" VPOS="483" WIDTH="13"/>
						<String ID="P15_ST00100" HPOS="549" VPOS="456" WIDTH="31" HEIGHT="27" CONTENT="of" WC="0.85" CC="02"/>
						<SP ID="P15_SP00086" HPOS="580" VPOS="483" WIDTH="15"/>
						<String ID="P15_ST00101" HPOS="595" VPOS="456" WIDTH="46" HEIGHT="27" CONTENT="the" WC="0.69" CC="071"/>
						<SP ID="P15_SP00087" HPOS="641" VPOS="483" WIDTH="25"/>
						<String ID="P15_ST00102" HPOS="666" VPOS="457" WIDTH="212" HEIGHT="35" CONTENT="superabundant" WC="0.66" CC="5200507720075"/>
						<SP ID="P15_SP00088" HPOS="878" VPOS="492" WIDTH="16"/>
						<String ID="P15_ST00103" HPOS="894" VPOS="458" WIDTH="153" HEIGHT="35" CONTENT="population" WC="0.59" CC="0103445758"/>
					</TextLine>
					<TextLine ID="P15_TL00012" HPOS="86" VPOS="499" WIDTH="961" HEIGHT="36">
						<String ID="P15_ST00104" HPOS="86" VPOS="499" WIDTH="30" HEIGHT="26" CONTENT="of" WC="0.51" CC="45"/>
						<SP ID="P15_SP00089" HPOS="116" VPOS="525" WIDTH="9"/>
						<String ID="P15_ST00105" HPOS="125" VPOS="499" WIDTH="51" HEIGHT="26" CONTENT="this" WC="0.57" CC="2607"/>
						<SP ID="P15_SP00090" HPOS="176" VPOS="525" WIDTH="13"/>
						<String ID="P15_ST00106" HPOS="189" VPOS="499" WIDTH="60" HEIGHT="26" CONTENT="zilla" WC="0.47" CC="34457"/>
						<SP ID="P15_SP00091" HPOS="249" VPOS="525" WIDTH="13"/>
						<String ID="P15_ST00107" HPOS="262" VPOS="499" WIDTH="77" HEIGHT="27" CONTENT="could" WC="0.88" CC="00320"/>
						<SP ID="P15_SP00092" HPOS="339" VPOS="526" WIDTH="10"/>
						<String ID="P15_ST00108" HPOS="349" VPOS="499" WIDTH="32" HEIGHT="27" CONTENT="be" WC="0.37" CC="75"/>
						<SP ID="P15_SP00093" HPOS="381" VPOS="526" WIDTH="14"/>
						<String ID="P15_ST00109" HPOS="395" VPOS="499" WIDTH="114" HEIGHT="28" CONTENT="induced" WC="0.47" CC="5796600"/>
						<SP ID="P15_SP00094" HPOS="509" VPOS="527" WIDTH="14"/>
						<String ID="P15_ST00110" HPOS="523" VPOS="503" WIDTH="26" HEIGHT="24" CONTENT="to" WC="0.70" CC="50"/>
						<SP ID="P15_SP00095" HPOS="549" VPOS="527" WIDTH="14"/>
						<String ID="P15_ST00111" HPOS="563" VPOS="500" WIDTH="127" HEIGHT="35" CONTENT="emigrate" WC="0.66" CC="04609006"/>
						<SP ID="P15_SP00096" HPOS="690" VPOS="535" WIDTH="14"/>
						<String ID="P15_ST00112" HPOS="704" VPOS="504" WIDTH="26" HEIGHT="23" CONTENT="to" WC="0.46" CC="64"/>
						<SP ID="P15_SP00097" HPOS="730" VPOS="535" WIDTH="15"/>
						<String ID="P15_ST00113" HPOS="745" VPOS="500" WIDTH="50" HEIGHT="27" CONTENT="and" WC="0.60" CC="560"/>
						<SP ID="P15_SP00098" HPOS="795" VPOS="535" WIDTH="15"/>
						<String ID="P15_ST00114" HPOS="810" VPOS="500" WIDTH="75" HEIGHT="27" CONTENT="settle" WC="0.77" CC="620003"/>
						<SP ID="P15_SP00099" HPOS="885" VPOS="535" WIDTH="13"/>
						<String ID="P15_ST00115" HPOS="898" VPOS="501" WIDTH="28" HEIGHT="26" CONTENT="in" WC="0.51" CC="36"/>
						<SP ID="P15_SP00100" HPOS="926" VPOS="535" WIDTH="27"/>
						<String ID="P15_ST00116" HPOS="953" VPOS="501" WIDTH="94" HEIGHT="26" CONTENT="Punch" WC="0.44" CC="76507"/>
					</TextLine>
					<TextLine ID="P15_TL00013" HPOS="87" VPOS="543" WIDTH="960" HEIGHT="37">
						<String ID="P15_ST00117" HPOS="87" VPOS="543" WIDTH="112" HEIGHT="31" CONTENT="Mahals," WC="0.60" CC="0079370"/>
						<SP ID="P15_SP00101" HPOS="199" VPOS="574" WIDTH="15"/>
						<String ID="P15_ST00118" HPOS="214" VPOS="543" WIDTH="64" HEIGHT="35" CONTENT="they" WC="0.76" CC="2700"/>
						<SP ID="P15_SP00102" HPOS="278" VPOS="578" WIDTH="13"/>
						<String ID="P15_ST00119" HPOS="291" VPOS="543" WIDTH="89" HEIGHT="27" CONTENT="would" WC="0.53" CC="95600"/>
						<SP ID="P15_SP00103" HPOS="380" VPOS="578" WIDTH="12"/>
						<String ID="P15_ST00120" HPOS="392" VPOS="543" WIDTH="32" HEIGHT="27" CONTENT="be" WC="0.68" CC="60"/>
						<SP ID="P15_SP00104" HPOS="424" VPOS="578" WIDTH="12"/>
						<String ID="P15_ST00121" HPOS="436" VPOS="544" WIDTH="106" HEIGHT="35" CONTENT="greatly" WC="0.75" CC="0503250"/>
						<SP ID="P15_SP00105" HPOS="542" VPOS="579" WIDTH="14"/>
						<String ID="P15_ST00122" HPOS="556" VPOS="544" WIDTH="124" HEIGHT="35" CONTENT="assisting" WC="0.71" CC="060406170"/>
						<SP ID="P15_SP00106" HPOS="680" VPOS="579" WIDTH="20"/>
						<String ID="P15_ST00123" HPOS="700" VPOS="543" WIDTH="44" HEIGHT="28" CONTENT="the" WC="0.56" CC="552"/>
						<SP ID="P15_SP00107" HPOS="744" VPOS="579" WIDTH="25"/>
						<String ID="P15_ST00124" HPOS="769" VPOS="543" WIDTH="115" HEIGHT="27" CONTENT="hitherto" WC="0.48" CC="71576363"/>
						<SP ID="P15_SP00108" HPOS="884" VPOS="579" WIDTH="26"/>
						<String ID="P15_ST00125" HPOS="910" VPOS="544" WIDTH="137" HEIGHT="36" CONTENT="neglected" WC="0.73" CC="770302030"/>
					</TextLine>
					<TextLine ID="P15_TL00014" HPOS="84" VPOS="587" WIDTH="962" HEIGHT="35">
						<String ID="P15_ST00126" HPOS="84" VPOS="597" WIDTH="134" HEIGHT="16" CONTENT="resources" WC="0.76" CC="502010406"/>
						<SP ID="P15_SP00109" HPOS="218" VPOS="613" WIDTH="14"/>
						<String ID="P15_ST00127" HPOS="232" VPOS="587" WIDTH="30" HEIGHT="26" CONTENT="of" WC="0.73" CC="50"/>
						<SP ID="P15_SP00110" HPOS="262" VPOS="613" WIDTH="9"/>
						<String ID="P15_ST00128" HPOS="271" VPOS="587" WIDTH="58" HEIGHT="26" CONTENT="that" WC="0.63" CC="0409"/>
						<SP ID="P15_SP00111" HPOS="329" VPOS="613" WIDTH="12"/>
						<String ID="P15_ST00129" HPOS="341" VPOS="590" WIDTH="60" HEIGHT="32" CONTENT="part" WC="0.65" CC="0354"/>
						<SP ID="P15_SP00112" HPOS="401" VPOS="622" WIDTH="13"/>
						<String ID="P15_ST00130" HPOS="414" VPOS="587" WIDTH="30" HEIGHT="26" CONTENT="of" WC="0.71" CC="05"/>
						<SP ID="P15_SP00113" HPOS="444" VPOS="622" WIDTH="10"/>
						<String ID="P15_ST00131" HPOS="454" VPOS="587" WIDTH="43" HEIGHT="27" CONTENT="the" WC="0.44" CC="574"/>
						<SP ID="P15_SP00114" HPOS="497" VPOS="622" WIDTH="15"/>
						<String ID="P15_ST00132" HPOS="512" VPOS="591" WIDTH="112" HEIGHT="31" CONTENT="country" WC="0.70" CC="0561700"/>
						<SP ID="P15_SP00115" HPOS="624" VPOS="622" WIDTH="12"/>
						<String ID="P15_ST00133" HPOS="636" VPOS="598" WIDTH="6" HEIGHT="21" CONTENT=";" WC="0.68" CC="3"/>
						<SP ID="P15_SP00116" HPOS="642" VPOS="622" WIDTH="15"/>
						<String ID="P15_ST00134" HPOS="657" VPOS="587" WIDTH="71" HEIGHT="27" CONTENT="since" WC="0.55" CC="40863"/>
						<SP ID="P15_SP00117" HPOS="728" VPOS="622" WIDTH="14"/>
						<String ID="P15_ST00135" HPOS="742" VPOS="597" WIDTH="27" HEIGHT="16" CONTENT="as" WC="0.97" CC="00"/>
						<SP ID="P15_SP00118" HPOS="769" VPOS="622" WIDTH="15"/>
						<String ID="P15_ST00136" HPOS="784" VPOS="597" WIDTH="15" HEIGHT="16" CONTENT="a" WC="1.00" CC="0"/>
						<SP ID="P15_SP00119" HPOS="799" VPOS="622" WIDTH="13"/>
						<String ID="P15_ST00137" HPOS="812" VPOS="587" WIDTH="149" HEIGHT="34" CONTENT="cultivator," WC="0.66" CC="05064063133"/>
						<SP ID="P15_SP00120" HPOS="961" VPOS="622" WIDTH="24"/>
						<String ID="P15_ST00138" HPOS="985" VPOS="587" WIDTH="61" HEIGHT="34" CONTENT="and," WC="0.44" CC="2883"/>
					</TextLine>
					<TextLine ID="P15_TL00015" HPOS="85" VPOS="631" WIDTH="962" HEIGHT="34">
						<String ID="P15_ST00139" HPOS="85" VPOS="631" WIDTH="28" HEIGHT="25" CONTENT="in" WC="0.64" CC="52"/>
						<SP ID="P15_SP00121" HPOS="113" VPOS="656" WIDTH="14"/>
						<String ID="P15_ST00140" HPOS="127" VPOS="640" WIDTH="71" HEIGHT="16" CONTENT="some" WC="0.92" CC="2100"/>
						<SP ID="P15_SP00122" HPOS="198" VPOS="656" WIDTH="12"/>
						<String ID="P15_ST00141" HPOS="210" VPOS="634" WIDTH="125" HEIGHT="31" CONTENT="respects," WC="0.65" CC="046004293"/>
						<SP ID="P15_SP00123" HPOS="335" VPOS="665" WIDTH="15"/>
						<String ID="P15_ST00142" HPOS="350" VPOS="640" WIDTH="15" HEIGHT="16" CONTENT="a" WC="0.01" CC="9"/>
						<SP ID="P15_SP00124" HPOS="365" VPOS="665" WIDTH="14"/>
						<String ID="P15_ST00143" HPOS="379" VPOS="631" WIDTH="128" HEIGHT="26" CONTENT="scientific" WC="0.58" CC="3650057228"/>
						<SP ID="P15_SP00125" HPOS="507" VPOS="665" WIDTH="13"/>
						<String ID="P15_ST00144" HPOS="520" VPOS="640" WIDTH="50" HEIGHT="17" CONTENT="one" WC="0.65" CC="072"/>
						<SP ID="P15_SP00126" HPOS="570" VPOS="665" WIDTH="13"/>
						<String ID="P15_ST00145" HPOS="583" VPOS="635" WIDTH="53" HEIGHT="30" CONTENT="too," WC="0.86" CC="0014"/>
						<SP ID="P15_SP00127" HPOS="636" VPOS="665" WIDTH="22"/>
						<String ID="P15_ST00146" HPOS="658" VPOS="632" WIDTH="21" HEIGHT="25" CONTENT="it" WC="0.41" CC="64"/>
						<SP ID="P15_SP00128" HPOS="679" VPOS="665" WIDTH="20"/>
						<String ID="P15_ST00147" HPOS="699" VPOS="634" WIDTH="71" HEIGHT="23" CONTENT="must" WC="0.34" CC="5776"/>
						<SP ID="P15_SP00129" HPOS="770" VPOS="665" WIDTH="25"/>
						<String ID="P15_ST00148" HPOS="795" VPOS="631" WIDTH="32" HEIGHT="26" CONTENT="be" WC="0.91" CC="01"/>
						<SP ID="P15_SP00130" HPOS="827" VPOS="665" WIDTH="26"/>
						<String ID="P15_ST00149" HPOS="853" VPOS="631" WIDTH="129" HEIGHT="27" CONTENT="admitted" WC="0.72" CC="00262730"/>
						<SP ID="P15_SP00131" HPOS="982" VPOS="665" WIDTH="21"/>
						<String ID="P15_ST00150" HPOS="1003" VPOS="632" WIDTH="44" HEIGHT="25" CONTENT="the" WC="0.50" CC="077"/>
					</TextLine>
					<TextLine ID="P15_TL00016" HPOS="86" VPOS="674" WIDTH="962" HEIGHT="35">
						<String ID="P15_ST00151" HPOS="86" VPOS="674" WIDTH="69" HEIGHT="26" CONTENT="fame" WC="0.88" CC="0004"/>
						<SP ID="P15_SP00132" HPOS="155" VPOS="700" WIDTH="14"/>
						<String ID="P15_ST00152" HPOS="169" VPOS="674" WIDTH="31" HEIGHT="26" CONTENT="of" WC="0.64" CC="70"/>
						<SP ID="P15_SP00133" HPOS="200" VPOS="700" WIDTH="7"/>
						<String ID="P15_ST00153" HPOS="207" VPOS="675" WIDTH="43" HEIGHT="26" CONTENT="the" WC="0.51" CC="760"/>
						<SP ID="P15_SP00134" HPOS="250" VPOS="701" WIDTH="17"/>
						<String ID="P15_ST00154" HPOS="267" VPOS="674" WIDTH="129" HEIGHT="27" CONTENT="Churotur" WC="0.74" CC="60000408"/>
						<SP ID="P15_SP00135" HPOS="396" VPOS="701" WIDTH="13"/>
						<String ID="P15_ST00155" HPOS="409" VPOS="675" WIDTH="101" HEIGHT="26" CONTENT="Koonbi" WC="0.68" CC="024090"/>
						<SP ID="P15_SP00136" HPOS="510" VPOS="701" WIDTH="13"/>
						<String ID="P15_ST00156" HPOS="523" VPOS="674" WIDTH="90" HEIGHT="27" CONTENT="stands" WC="0.60" CC="550803"/>
						<SP ID="P15_SP00137" HPOS="613" VPOS="701" WIDTH="9"/>
						<String ID="P15_ST00157" HPOS="622" VPOS="674" WIDTH="147" HEIGHT="26" CONTENT="unrivalled" WC="0.62" CC="3725906030"/>
						<SP ID="P15_SP00138" HPOS="769" VPOS="701" WIDTH="9"/>
						<String ID="P15_ST00158" HPOS="778" VPOS="674" WIDTH="27" HEIGHT="26" CONTENT="in" WC="0.47" CC="64"/>
						<SP ID="P15_SP00139" HPOS="805" VPOS="701" WIDTH="16"/>
						<String ID="P15_ST00159" HPOS="821" VPOS="674" WIDTH="118" HEIGHT="35" CONTENT="Gujarat." WC="0.36" CC="67099980"/>
						<SP ID="P15_SP00140" HPOS="939" VPOS="709" WIDTH="36"/>
						<String ID="P15_ST00160" HPOS="975" VPOS="675" WIDTH="73" HEIGHT="34" CONTENT="High" WC="0.48" CC="7507"/>
					</TextLine>
					<TextLine ID="P15_TL00017" HPOS="86" VPOS="718" WIDTH="962" HEIGHT="35">
						<String ID="P15_ST00161" HPOS="86" VPOS="718" WIDTH="116" HEIGHT="35" CONTENT="farming" WC="0.58" CC="0950580"/>
						<SP ID="P15_SP00141" HPOS="202" VPOS="753" WIDTH="13"/>
						<String ID="P15_ST00162" HPOS="215" VPOS="719" WIDTH="28" HEIGHT="25" CONTENT="in" WC="0.90" CC="20"/>
						<SP ID="P15_SP00142" HPOS="243" VPOS="753" WIDTH="12"/>
						<String ID="P15_ST00163" HPOS="255" VPOS="718" WIDTH="44" HEIGHT="26" CONTENT="the" WC="0.54" CC="076"/>
						<SP ID="P15_SP00143" HPOS="299" VPOS="753" WIDTH="15"/>
						<String ID="P15_ST00164" HPOS="314" VPOS="718" WIDTH="85" HEIGHT="26" CONTENT="Kaira" WC="0.77" CC="00306"/>
						<SP ID="P15_SP00144" HPOS="399" VPOS="753" WIDTH="13"/>
						<String ID="P15_ST00165" HPOS="412" VPOS="719" WIDTH="114" HEIGHT="33" CONTENT="district," WC="0.52" CC="934090662"/>
						<SP ID="P15_SP00145" HPOS="526" VPOS="753" WIDTH="15"/>
						<String ID="P15_ST00166" HPOS="541" VPOS="728" WIDTH="28" HEIGHT="16" CONTENT="as" WC="0.90" CC="02"/>
						<SP ID="P15_SP00146" HPOS="569" VPOS="753" WIDTH="13"/>
						<String ID="P15_ST00167" HPOS="582" VPOS="719" WIDTH="53" HEIGHT="25" CONTENT="also" WC="0.45" CC="5365"/>
						<SP ID="P15_SP00147" HPOS="635" VPOS="753" WIDTH="15"/>
						<String ID="P15_ST00168" HPOS="650" VPOS="718" WIDTH="44" HEIGHT="26" CONTENT="the" WC="0.60" CC="470"/>
						<SP ID="P15_SP00148" HPOS="694" VPOS="753" WIDTH="13"/>
						<String ID="P15_ST00169" HPOS="707" VPOS="718" WIDTH="118" HEIGHT="26" CONTENT="richness" WC="0.51" CC="43576065"/>
						<SP ID="P15_SP00149" HPOS="825" VPOS="753" WIDTH="14"/>
						<String ID="P15_ST00170" HPOS="839" VPOS="718" WIDTH="28" HEIGHT="27" CONTENT="of" WC="0.80" CC="30"/>
						<SP ID="P15_SP00150" HPOS="867" VPOS="753" WIDTH="11"/>
						<String ID="P15_ST00171" HPOS="878" VPOS="718" WIDTH="45" HEIGHT="27" CONTENT="the" WC="0.57" CC="570"/>
						<SP ID="P15_SP00151" HPOS="923" VPOS="753" WIDTH="22"/>
						<String ID="P15_ST00172" HPOS="945" VPOS="719" WIDTH="58" HEIGHT="34" CONTENT="soil," WC="0.79" CC="50004"/>
						<SP ID="P15_SP00152" HPOS="1003" VPOS="753" WIDTH="24"/>
						<String ID="P15_ST00173" HPOS="1027" VPOS="719" WIDTH="21" HEIGHT="26" CONTENT="is" WC="0.56" CC="26"/>
					</TextLine>
					<TextLine ID="P15_TL00018" HPOS="85" VPOS="762" WIDTH="963" HEIGHT="35">
						<String ID="P15_ST00174" HPOS="85" VPOS="762" WIDTH="52" HEIGHT="26" CONTENT="due" WC="0.82" CC="050"/>
						<SP ID="P15_SP00153" HPOS="137" VPOS="788" WIDTH="13"/>
						<String ID="P15_ST00175" HPOS="150" VPOS="772" WIDTH="72" HEIGHT="16" CONTENT="more" WC="0.90" CC="0030"/>
						<SP ID="P15_SP00154" HPOS="222" VPOS="788" WIDTH="10"/>
						<String ID="P15_ST00176" HPOS="232" VPOS="766" WIDTH="28" HEIGHT="22" CONTENT="to" WC="0.60" CC="70"/>
						<SP ID="P15_SP00155" HPOS="260" VPOS="788" WIDTH="13"/>
						<String ID="P15_ST00177" HPOS="273" VPOS="762" WIDTH="44" HEIGHT="26" CONTENT="the" WC="0.64" CC="370"/>
						<SP ID="P15_SP00156" HPOS="317" VPOS="788" WIDTH="14"/>
						<String ID="P15_ST00178" HPOS="331" VPOS="762" WIDTH="60" HEIGHT="26" CONTENT="skill" WC="0.77" CC="04051"/>
						<SP ID="P15_SP00157" HPOS="391" VPOS="788" WIDTH="13"/>
						<String ID="P15_ST00179" HPOS="404" VPOS="762" WIDTH="31" HEIGHT="26" CONTENT="of" WC="0.37" CC="65"/>
						<SP ID="P15_SP00158" HPOS="435" VPOS="788" WIDTH="8"/>
						<String ID="P15_ST00180" HPOS="443" VPOS="762" WIDTH="44" HEIGHT="26" CONTENT="the" WC="0.39" CC="277"/>
						<SP ID="P15_SP00159" HPOS="487" VPOS="788" WIDTH="15"/>
						<String ID="P15_ST00181" HPOS="502" VPOS="762" WIDTH="182" HEIGHT="35" CONTENT="agriculturist" WC="0.57" CC="5072070174575"/>
						<SP ID="P15_SP00160" HPOS="684" VPOS="797" WIDTH="10"/>
						<String ID="P15_ST00182" HPOS="694" VPOS="762" WIDTH="62" HEIGHT="26" CONTENT="than" WC="0.58" CC="6702"/>
						<SP ID="P15_SP00161" HPOS="756" VPOS="797" WIDTH="14"/>
						<String ID="P15_ST00183" HPOS="770" VPOS="764" WIDTH="27" HEIGHT="24" CONTENT="to" WC="0.72" CC="50"/>
						<SP ID="P15_SP00162" HPOS="797" VPOS="797" WIDTH="21"/>
						<String ID="P15_ST00184" HPOS="818" VPOS="771" WIDTH="53" HEIGHT="25" CONTENT="any" WC="0.55" CC="750"/>
						<SP ID="P15_SP00163" HPOS="871" VPOS="797" WIDTH="12"/>
						<String ID="P15_ST00185" HPOS="883" VPOS="762" WIDTH="105" HEIGHT="26" CONTENT="natural" WC="0.58" CC="6317406"/>
						<SP ID="P15_SP00164" HPOS="988" VPOS="797" WIDTH="13"/>
						<String ID="P15_ST00186" HPOS="1001" VPOS="762" WIDTH="47" HEIGHT="25" CONTENT="ad" SUBS_TYPE="HypPart1" SUBS_CONTENT="advantages" WC="0.61" CC="262"/>
						<HYP CONTENT="-"/>
					</TextLine>
					<TextLine ID="P15_TL00019" HPOS="85" VPOS="805" WIDTH="963" HEIGHT="36">
						<String ID="P15_ST00187" HPOS="85" VPOS="808" WIDTH="128" HEIGHT="33" CONTENT="vantages" SUBS_TYPE="HypPart2" SUBS_CONTENT="advantages" WC="0.64" CC="00746047"/>
						<SP ID="P15_SP00165" HPOS="213" VPOS="841" WIDTH="13"/>
						<String ID="P15_ST00188" HPOS="226" VPOS="805" WIDTH="30" HEIGHT="26" CONTENT="of" WC="0.63" CC="33"/>
						<SP ID="P15_SP00166" HPOS="256" VPOS="841" WIDTH="9"/>
						<String ID="P15_ST00189" HPOS="265" VPOS="806" WIDTH="127" HEIGHT="26" CONTENT="situation" WC="0.61" CC="731706360"/>
						<SP ID="P15_SP00167" HPOS="392" VPOS="841" WIDTH="12"/>
						<String ID="P15_ST00190" HPOS="404" VPOS="815" WIDTH="30" HEIGHT="17" CONTENT="or" WC="0.73" CC="05"/>
						<SP ID="P15_SP00168" HPOS="434" VPOS="841" WIDTH="13"/>
						<String ID="P15_ST00191" HPOS="447" VPOS="806" WIDTH="112" HEIGHT="26" CONTENT="climate." WC="0.75" CC="40205600"/>
						<SP ID="P15_SP00169" HPOS="559" VPOS="841" WIDTH="41"/>
						<String ID="P15_ST00192" HPOS="600" VPOS="805" WIDTH="65" HEIGHT="26" CONTENT="Like" WC="0.78" CC="0503"/>
						<SP ID="P15_SP00170" HPOS="665" VPOS="841" WIDTH="15"/>
						<String ID="P15_ST00193" HPOS="680" VPOS="815" WIDTH="15" HEIGHT="16" CONTENT="a" WC="1.00" CC="0"/>
						<SP ID="P15_SP00171" HPOS="695" VPOS="841" WIDTH="12"/>
						<String ID="P15_ST00194" HPOS="707" VPOS="806" WIDTH="68" HEIGHT="35" CONTENT="busy" WC="0.50" CC="7830"/>
						<SP ID="P15_SP00172" HPOS="775" VPOS="841" WIDTH="13"/>
						<String ID="P15_ST00195" HPOS="788" VPOS="806" WIDTH="56" HEIGHT="33" CONTENT="bee," WC="0.62" CC="6503"/>
						<SP ID="P15_SP00173" HPOS="844" VPOS="841" WIDTH="11"/>
						<String ID="P15_ST00196" HPOS="855" VPOS="805" WIDTH="44" HEIGHT="26" CONTENT="the" WC="0.55" CC="570"/>
						<SP ID="P15_SP00174" HPOS="899" VPOS="841" WIDTH="15"/>
						<String ID="P15_ST00197" HPOS="914" VPOS="805" WIDTH="134" HEIGHT="27" CONTENT="Churotur" WC="0.39" CC="77750676"/>
					</TextLine>
					<TextLine ID="P15_TL00020" HPOS="86" VPOS="848" WIDTH="961" HEIGHT="35">
						<String ID="P15_ST00198" HPOS="86" VPOS="849" WIDTH="108" HEIGHT="26" CONTENT="Koonbi" WC="0.58" CC="355730"/>
						<SP ID="P15_SP00175" HPOS="194" VPOS="875" WIDTH="13"/>
						<String ID="P15_ST00199" HPOS="207" VPOS="849" WIDTH="87" HEIGHT="26" CONTENT="works" WC="0.71" CC="31900"/>
						<SP ID="P15_SP00176" HPOS="294" VPOS="875" WIDTH="14"/>
						<String ID="P15_ST00200" HPOS="308" VPOS="848" WIDTH="68" HEIGHT="27" CONTENT="from" WC="0.89" CC="0040"/>
						<SP ID="P15_SP00177" HPOS="376" VPOS="875" WIDTH="16"/>
						<String ID="P15_ST00201" HPOS="392" VPOS="849" WIDTH="6" HEIGHT="15" CONTENT="'" WC="0.75" CC="2"/>
						<SP ID="P15_SP00178" HPOS="398" VPOS="875" WIDTH="11"/>
						<String ID="P15_ST00202" HPOS="409" VPOS="849" WIDTH="72" HEIGHT="27" CONTENT="earhr" WC="0.60" CC="00297"/>
						<SP ID="P15_SP00179" HPOS="481" VPOS="876" WIDTH="14"/>
						<String ID="P15_ST00203" HPOS="495" VPOS="858" WIDTH="76" HEIGHT="17" CONTENT="morn" WC="0.49" CC="0568"/>
						<SP ID="P15_SP00180" HPOS="571" VPOS="876" WIDTH="14"/>
						<String ID="P15_ST00204" HPOS="585" VPOS="851" WIDTH="27" HEIGHT="24" CONTENT="to" WC="0.63" CC="70"/>
						<SP ID="P15_SP00181" HPOS="612" VPOS="876" WIDTH="13"/>
						<String ID="P15_ST00205" HPOS="625" VPOS="848" WIDTH="76" HEIGHT="35" CONTENT="dewy" WC="0.75" CC="0090"/>
						<SP ID="P15_SP00182" HPOS="701" VPOS="883" WIDTH="14"/>
						<String ID="P15_ST00206" HPOS="715" VPOS="849" WIDTH="55" HEIGHT="26" CONTENT="eve'" WC="0.78" CC="0800"/>
						<SP ID="P15_SP00183" HPOS="770" VPOS="883" WIDTH="15"/>
						<String ID="P15_ST00207" HPOS="785" VPOS="848" WIDTH="27" HEIGHT="27" CONTENT="in" WC="0.40" CC="65"/>
						<SP ID="P15_SP00184" HPOS="812" VPOS="883" WIDTH="14"/>
						<String ID="P15_ST00208" HPOS="826" VPOS="848" WIDTH="41" HEIGHT="27" CONTENT="his" WC="0.43" CC="555"/>
						<SP ID="P15_SP00185" HPOS="867" VPOS="883" WIDTH="16"/>
						<String ID="P15_ST00209" HPOS="883" VPOS="848" WIDTH="72" HEIGHT="34" CONTENT="field," WC="0.78" CC="220403"/>
						<SP ID="P15_SP00186" HPOS="955" VPOS="883" WIDTH="14"/>
						<String ID="P15_ST00210" HPOS="969" VPOS="848" WIDTH="78" HEIGHT="27" CONTENT="tend" SUBS_TYPE="HypPart1" SUBS_CONTENT="tending" WC="0.85" CC="00303"/>
						<HYP CONTENT="-"/>
					</TextLine>
					<TextLine ID="P15_TL00021" HPOS="84" VPOS="891" WIDTH="963" HEIGHT="36">
						<String ID="P15_ST00211" HPOS="84" VPOS="892" WIDTH="49" HEIGHT="35" CONTENT="ing" SUBS_TYPE="HypPart2" SUBS_CONTENT="tending" WC="0.71" CC="080"/>
						<SP ID="P15_SP00187" HPOS="133" VPOS="927" WIDTH="12"/>
						<String ID="P15_ST00212" HPOS="145" VPOS="891" WIDTH="40" HEIGHT="27" CONTENT="his" WC="0.49" CC="616"/>
						<SP ID="P15_SP00188" HPOS="185" VPOS="927" WIDTH="14"/>
						<String ID="P15_ST00213" HPOS="199" VPOS="891" WIDTH="96" HEIGHT="36" CONTENT="plants," WC="0.64" CC="0006763"/>
						<SP ID="P15_SP00189" HPOS="295" VPOS="927" WIDTH="15"/>
						<String ID="P15_ST00214" HPOS="310" VPOS="891" WIDTH="54" HEIGHT="27" CONTENT="and" WC="0.73" CC="080"/>
						<SP ID="P15_SP00190" HPOS="364" VPOS="927" WIDTH="12"/>
						<String ID="P15_ST00215" HPOS="376" VPOS="891" WIDTH="109" HEIGHT="35" CONTENT="looking" WC="0.66" CC="0640470"/>
						<SP ID="P15_SP00191" HPOS="485" VPOS="927" WIDTH="12"/>
						<String ID="P15_ST00216" HPOS="497" VPOS="891" WIDTH="67" HEIGHT="27" CONTENT="after" WC="0.80" CC="40004"/>
						<SP ID="P15_SP00192" HPOS="564" VPOS="927" WIDTH="14"/>
						<String ID="P15_ST00217" HPOS="578" VPOS="891" WIDTH="40" HEIGHT="26" CONTENT="his" WC="0.70" CC="701"/>
						<SP ID="P15_SP00193" HPOS="618" VPOS="927" WIDTH="23"/>
						<String ID="P15_ST00218" HPOS="641" VPOS="900" WIDTH="76" HEIGHT="25" CONTENT="crops" WC="0.79" CC="06201"/>
						<SP ID="P15_SP00194" HPOS="717" VPOS="927" WIDTH="25"/>
						<String ID="P15_ST00219" HPOS="742" VPOS="891" WIDTH="52" HEIGHT="26" CONTENT="and" WC="0.13" CC="789"/>
						<SP ID="P15_SP00195" HPOS="794" VPOS="927" WIDTH="21"/>
						<String ID="P15_ST00220" HPOS="815" VPOS="891" WIDTH="41" HEIGHT="26" CONTENT="his" WC="0.46" CC="753"/>
						<SP ID="P15_SP00196" HPOS="856" VPOS="927" WIDTH="14"/>
						<String ID="P15_ST00221" HPOS="870" VPOS="891" WIDTH="85" HEIGHT="27" CONTENT="cattle." WC="0.82" CC="0006500"/>
						<SP ID="P15_SP00197" HPOS="955" VPOS="927" WIDTH="40"/>
						<String ID="P15_ST00222" HPOS="995" VPOS="891" WIDTH="52" HEIGHT="27" CONTENT="His" WC="0.27" CC="659"/>
					</TextLine>
					<TextLine ID="P15_TL00022" HPOS="85" VPOS="934" WIDTH="963" HEIGHT="37">
						<String ID="P15_ST00223" HPOS="85" VPOS="935" WIDTH="62" HEIGHT="27" CONTENT="field" WC="0.92" CC="00040"/>
						<SP ID="P15_SP00198" HPOS="147" VPOS="962" WIDTH="13"/>
						<String ID="P15_ST00224" HPOS="160" VPOS="937" WIDTH="22" HEIGHT="25" CONTENT="is" WC="0.68" CC="60"/>
						<SP ID="P15_SP00199" HPOS="182" VPOS="962" WIDTH="13"/>
						<String ID="P15_ST00225" HPOS="195" VPOS="935" WIDTH="197" HEIGHT="36" CONTENT="hedge-bound." WC="0.76" CC="000904517000"/>
						<SP ID="P15_SP00200" HPOS="392" VPOS="971" WIDTH="28"/>
						<String ID="P15_ST00226" HPOS="420" VPOS="935" WIDTH="147" HEIGHT="27" CONTENT="Wherever" WC="0.65" CC="96040007"/>
						<SP ID="P15_SP00201" HPOS="567" VPOS="971" WIDTH="13"/>
						<String ID="P15_ST00227" HPOS="580" VPOS="935" WIDTH="73" HEIGHT="26" CONTENT="there" WC="0.70" CC="27050"/>
						<SP ID="P15_SP00202" HPOS="653" VPOS="971" WIDTH="14"/>
						<String ID="P15_ST00228" HPOS="667" VPOS="944" WIDTH="44" HEIGHT="16" CONTENT="are" WC="0.97" CC="000"/>
						<SP ID="P15_SP00203" HPOS="711" VPOS="971" WIDTH="13"/>
						<String ID="P15_ST00229" HPOS="724" VPOS="934" WIDTH="121" HEIGHT="26" CONTENT="facilities" WC="0.88" CC="0040202100"/>
						<SP ID="P15_SP00204" HPOS="845" VPOS="971" WIDTH="11"/>
						<String ID="P15_ST00230" HPOS="856" VPOS="934" WIDTH="39" HEIGHT="27" CONTENT="for" WC="0.47" CC="356"/>
						<SP ID="P15_SP00205" HPOS="895" VPOS="971" WIDTH="14"/>
						<String ID="P15_ST00231" HPOS="909" VPOS="935" WIDTH="139" HEIGHT="33" CONTENT="irrigation" WC="0.53" CC="4756490007"/>
					</TextLine>
					<TextLine ID="P15_TL00023" HPOS="84" VPOS="978" WIDTH="961" HEIGHT="36">
						<String ID="P15_ST00232" HPOS="84" VPOS="979" WIDTH="34" HEIGHT="26" CONTENT="he" WC="0.53" CC="72"/>
						<SP ID="P15_SP00206" HPOS="118" VPOS="1005" WIDTH="12"/>
						<String ID="P15_ST00233" HPOS="130" VPOS="979" WIDTH="82" HEIGHT="26" CONTENT="raises" WC="0.71" CC="230901"/>
						<SP ID="P15_SP00207" HPOS="212" VPOS="1005" WIDTH="14"/>
						<String ID="P15_ST00234" HPOS="226" VPOS="989" WIDTH="75" HEIGHT="25" CONTENT="crops" WC="0.75" CC="05006"/>
						<SP ID="P15_SP00208" HPOS="301" VPOS="1014" WIDTH="11"/>
						<String ID="P15_ST00235" HPOS="312" VPOS="982" WIDTH="27" HEIGHT="23" CONTENT="at" WC="0.67" CC="06"/>
						<SP ID="P15_SP00209" HPOS="339" VPOS="1014" WIDTH="13"/>
						<String ID="P15_ST00236" HPOS="352" VPOS="979" WIDTH="33" HEIGHT="26" CONTENT="all" WC="1.00" CC="000"/>
						<SP ID="P15_SP00210" HPOS="385" VPOS="1014" WIDTH="12"/>
						<String ID="P15_ST00237" HPOS="397" VPOS="988" WIDTH="105" HEIGHT="17" CONTENT="seasons" WC="0.49" CC="7094680"/>
						<SP ID="P15_SP00211" HPOS="502" VPOS="1014" WIDTH="12"/>
						<String ID="P15_ST00238" HPOS="514" VPOS="979" WIDTH="31" HEIGHT="25" CONTENT="of" WC="0.74" CC="50"/>
						<SP ID="P15_SP00212" HPOS="545" VPOS="1014" WIDTH="9"/>
						<String ID="P15_ST00239" HPOS="554" VPOS="978" WIDTH="43" HEIGHT="26" CONTENT="the" WC="0.58" CC="075"/>
						<SP ID="P15_SP00213" HPOS="597" VPOS="1014" WIDTH="13"/>
						<String ID="P15_ST00240" HPOS="610" VPOS="988" WIDTH="64" HEIGHT="25" CONTENT="year" WC="0.89" CC="0004"/>
						<String ID="P15_ST00241" HPOS="675" VPOS="994" WIDTH="37" HEIGHT="2" CONTENT="—" WC="0.20" CC="8"/>
						<String ID="P15_ST00242" HPOS="712" VPOS="982" WIDTH="60" HEIGHT="30" CONTENT="wet," WC="0.39" CC="6754"/>
						<SP ID="P15_SP00214" HPOS="772" VPOS="1014" WIDTH="14"/>
						<String ID="P15_ST00243" HPOS="786" VPOS="978" WIDTH="59" HEIGHT="35" CONTENT="dry," WC="0.82" CC="0303"/>
						<SP ID="P15_SP00215" HPOS="845" VPOS="1014" WIDTH="16"/>
						<String ID="P15_ST00244" HPOS="861" VPOS="978" WIDTH="51" HEIGHT="26" CONTENT="and" WC="0.95" CC="100"/>
						<SP ID="P15_SP00216" HPOS="912" VPOS="1014" WIDTH="26"/>
						<String ID="P15_ST00245" HPOS="938" VPOS="978" WIDTH="107" HEIGHT="35" CONTENT="garden." WC="0.88" CC="8000000"/>
					</TextLine>
					<TextLine ID="P15_TL00024" HPOS="86" VPOS="1020" WIDTH="962" HEIGHT="37">
						<String ID="P15_ST00246" HPOS="86" VPOS="1022" WIDTH="52" HEIGHT="27" CONTENT="His" WC="0.39" CC="664"/>
						<SP ID="P15_SP00217" HPOS="138" VPOS="1049" WIDTH="13"/>
						<String ID="P15_ST00247" HPOS="151" VPOS="1023" WIDTH="78" HEIGHT="26" CONTENT="mode" WC="0.82" CC="0501"/>
						<SP ID="P15_SP00218" HPOS="229" VPOS="1049" WIDTH="14"/>
						<String ID="P15_ST00248" HPOS="243" VPOS="1022" WIDTH="31" HEIGHT="27" CONTENT="of" WC="0.58" CC="44"/>
						<SP ID="P15_SP00219" HPOS="274" VPOS="1049" WIDTH="8"/>
						<String ID="P15_ST00249" HPOS="282" VPOS="1023" WIDTH="84" HEIGHT="34" CONTENT="living" WC="0.42" CC="258278"/>
						<SP ID="P15_SP00220" HPOS="366" VPOS="1057" WIDTH="13"/>
						<String ID="P15_ST00250" HPOS="379" VPOS="1023" WIDTH="21" HEIGHT="25" CONTENT="is" WC="0.39" CC="56"/>
						<SP ID="P15_SP00221" HPOS="400" VPOS="1057" WIDTH="14"/>
						<String ID="P15_ST00251" HPOS="414" VPOS="1024" WIDTH="69" HEIGHT="24" CONTENT="most" WC="0.87" CC="0220"/>
						<SP ID="P15_SP00222" HPOS="483" VPOS="1057" WIDTH="13"/>
						<String ID="P15_ST00252" HPOS="496" VPOS="1021" WIDTH="167" HEIGHT="26" CONTENT="economical." WC="0.86" CC="00071041000"/>
						<SP ID="P15_SP00223" HPOS="663" VPOS="1057" WIDTH="41"/>
						<String ID="P15_ST00253" HPOS="704" VPOS="1020" WIDTH="51" HEIGHT="27" CONTENT="His" WC="0.47" CC="644"/>
						<SP ID="P15_SP00224" HPOS="755" VPOS="1057" WIDTH="14"/>
						<String ID="P15_ST00254" HPOS="769" VPOS="1021" WIDTH="59" HEIGHT="26" CONTENT="wife" WC="0.63" CC="0346"/>
						<SP ID="P15_SP00225" HPOS="828" VPOS="1057" WIDTH="27"/>
						<String ID="P15_ST00255" HPOS="855" VPOS="1021" WIDTH="128" HEIGHT="26" CONTENT="exercises" WC="0.57" CC="060705935"/>
						<SP ID="P15_SP00226" HPOS="983" VPOS="1057" WIDTH="22"/>
						<String ID="P15_ST00256" HPOS="1005" VPOS="1021" WIDTH="43" HEIGHT="25" CONTENT="tho" WC="0.31" CC="577"/>
					</TextLine>
					<TextLine ID="P15_TL00025" HPOS="85" VPOS="1064" WIDTH="963" HEIGHT="36">
						<String ID="P15_ST00257" HPOS="85" VPOS="1066" WIDTH="134" HEIGHT="26" CONTENT="functions" WC="0.70" CC="050003376"/>
						<SP ID="P15_SP00227" HPOS="219" VPOS="1092" WIDTH="13"/>
						<String ID="P15_ST00258" HPOS="232" VPOS="1066" WIDTH="31" HEIGHT="26" CONTENT="of" WC="0.86" CC="20"/>
						<SP ID="P15_SP00228" HPOS="263" VPOS="1092" WIDTH="8"/>
						<String ID="P15_ST00259" HPOS="271" VPOS="1076" WIDTH="16" HEIGHT="16" CONTENT="a" WC="0.69" CC="3"/>
						<SP ID="P15_SP00229" HPOS="287" VPOS="1092" WIDTH="12"/>
						<String ID="P15_ST00260" HPOS="299" VPOS="1066" WIDTH="54" HEIGHT="25" CONTENT="real" WC="0.71" CC="4007"/>
						<SP ID="P15_SP00230" HPOS="353" VPOS="1092" WIDTH="16"/>
						<String ID="P15_ST00261" HPOS="369" VPOS="1067" WIDTH="6" HEIGHT="12" CONTENT="'" WC="0.68" CC="3"/>
						<SP ID="P15_SP00231" HPOS="375" VPOS="1092" WIDTH="12"/>
						<String ID="P15_ST00262" HPOS="387" VPOS="1065" WIDTH="156" HEIGHT="35" CONTENT="help-mate'" WC="0.69" CC="6050070431"/>
						<SP ID="P15_SP00232" HPOS="543" VPOS="1100" WIDTH="11"/>
						<String ID="P15_ST00263" HPOS="554" VPOS="1070" WIDTH="27" HEIGHT="21" CONTENT="to" WC="0.77" CC="04"/>
						<SP ID="P15_SP00233" HPOS="581" VPOS="1100" WIDTH="13"/>
						<String ID="P15_ST00264" HPOS="594" VPOS="1064" WIDTH="63" HEIGHT="26" CONTENT="him." WC="0.61" CC="7331"/>
						<SP ID="P15_SP00234" HPOS="657" VPOS="1100" WIDTH="39"/>
						<String ID="P15_ST00265" HPOS="696" VPOS="1065" WIDTH="39" HEIGHT="25" CONTENT="As" WC="0.75" CC="05"/>
						<SP ID="P15_SP00235" HPOS="735" VPOS="1100" WIDTH="14"/>
						<String ID="P15_ST00266" HPOS="749" VPOS="1074" WIDTH="64" HEIGHT="16" CONTENT="soon" WC="0.60" CC="3065"/>
						<SP ID="P15_SP00236" HPOS="813" VPOS="1100" WIDTH="25"/>
						<String ID="P15_ST00267" HPOS="838" VPOS="1074" WIDTH="27" HEIGHT="16" CONTENT="as" WC="0.71" CC="05"/>
						<SP ID="P15_SP00237" HPOS="865" VPOS="1100" WIDTH="20"/>
						<String ID="P15_ST00268" HPOS="885" VPOS="1065" WIDTH="44" HEIGHT="25" CONTENT="the" WC="0.74" CC="070"/>
						<SP ID="P15_SP00238" HPOS="929" VPOS="1100" WIDTH="26"/>
						<String ID="P15_ST00269" HPOS="955" VPOS="1064" WIDTH="93" HEIGHT="26" CONTENT="Kunbi" WC="0.45" CC="17664"/>
					</TextLine>
					<TextLine ID="P15_TL00026" HPOS="84" VPOS="1107" WIDTH="964" HEIGHT="35">
						<String ID="P15_ST00270" HPOS="84" VPOS="1110" WIDTH="65" HEIGHT="25" CONTENT="rises" WC="0.72" CC="64300"/>
						<SP ID="P15_SP00239" HPOS="149" VPOS="1135" WIDTH="14"/>
						<String ID="P15_ST00271" HPOS="163" VPOS="1110" WIDTH="69" HEIGHT="25" CONTENT="from" WC="0.59" CC="6405"/>
						<SP ID="P15_SP00240" HPOS="232" VPOS="1135" WIDTH="12"/>
						<String ID="P15_ST00272" HPOS="244" VPOS="1109" WIDTH="41" HEIGHT="26" CONTENT="his" WC="0.46" CC="762"/>
						<SP ID="P15_SP00241" HPOS="285" VPOS="1135" WIDTH="13"/>
						<String ID="P15_ST00273" HPOS="298" VPOS="1108" WIDTH="60" HEIGHT="34" CONTENT="bed," WC="0.91" CC="0003"/>
						<SP ID="P15_SP00242" HPOS="358" VPOS="1142" WIDTH="12"/>
						<String ID="P15_ST00274" HPOS="370" VPOS="1108" WIDTH="33" HEIGHT="26" CONTENT="he" WC="0.64" CC="70"/>
						<SP ID="P15_SP00243" HPOS="403" VPOS="1142" WIDTH="13"/>
						<String ID="P15_ST00275" HPOS="416" VPOS="1109" WIDTH="115" HEIGHT="25" CONTENT="cleanses" WC="0.56" CC="17503509"/>
						<SP ID="P15_SP00244" HPOS="531" VPOS="1142" WIDTH="14"/>
						<String ID="P15_ST00276" HPOS="545" VPOS="1107" WIDTH="40" HEIGHT="27" CONTENT="his" WC="0.58" CC="740"/>
						<SP ID="P15_SP00245" HPOS="585" VPOS="1142" WIDTH="14"/>
						<String ID="P15_ST00277" HPOS="599" VPOS="1107" WIDTH="102" HEIGHT="34" CONTENT="mouth," WC="0.49" CC="075574"/>
						<SP ID="P15_SP00246" HPOS="701" VPOS="1142" WIDTH="15"/>
						<String ID="P15_ST00278" HPOS="716" VPOS="1111" WIDTH="54" HEIGHT="23" CONTENT="eats" WC="0.72" CC="0307"/>
						<SP ID="P15_SP00247" HPOS="770" VPOS="1142" WIDTH="14"/>
						<String ID="P15_ST00279" HPOS="784" VPOS="1118" WIDTH="15" HEIGHT="16" CONTENT="a" WC="1.00" CC="0"/>
						<SP ID="P15_SP00248" HPOS="799" VPOS="1142" WIDTH="10"/>
						<String ID="P15_ST00280" HPOS="809" VPOS="1107" WIDTH="94" HEIGHT="27" CONTENT="morsel" WC="0.64" CC="036604"/>
						<SP ID="P15_SP00249" HPOS="903" VPOS="1142" WIDTH="14"/>
						<String ID="P15_ST00281" HPOS="917" VPOS="1107" WIDTH="31" HEIGHT="26" CONTENT="of" WC="0.71" CC="05"/>
						<SP ID="P15_SP00250" HPOS="948" VPOS="1142" WIDTH="20"/>
						<String ID="P15_ST00282" HPOS="968" VPOS="1107" WIDTH="80" HEIGHT="27" CONTENT="bread" WC="0.72" CC="76000"/>
					</TextLine>
					<TextLine ID="P15_TL00027" HPOS="84" VPOS="1151" WIDTH="964" HEIGHT="35">
						<String ID="P15_ST00283" HPOS="84" VPOS="1153" WIDTH="65" HEIGHT="26" CONTENT="with" WC="0.82" CC="0007"/>
						<SP ID="P15_SP00251" HPOS="149" VPOS="1179" WIDTH="12"/>
						<String ID="P15_ST00284" HPOS="161" VPOS="1153" WIDTH="106" HEIGHT="26" CONTENT="meerchi" WC="0.75" CC="8400300"/>
						<SP ID="P15_SP00252" HPOS="267" VPOS="1179" WIDTH="13"/>
						<String ID="P15_ST00285" HPOS="280" VPOS="1162" WIDTH="29" HEIGHT="16" CONTENT="or" WC="0.70" CC="05"/>
						<SP ID="P15_SP00253" HPOS="309" VPOS="1179" WIDTH="14"/>
						<String ID="P15_ST00286" HPOS="323" VPOS="1152" WIDTH="85" HEIGHT="27" CONTENT="chutni" WC="0.84" CC="106000"/>
						<String ID="P15_ST00287" HPOS="409" VPOS="1168" WIDTH="35" HEIGHT="3" CONTENT="—" WC="0.20" CC="8"/>
						<String ID="P15_ST00288" HPOS="446" VPOS="1152" WIDTH="29" HEIGHT="26" CONTENT="of" WC="0.72" CC="13"/>
						<SP ID="P15_SP00254" HPOS="475" VPOS="1179" WIDTH="10"/>
						<String ID="P15_ST00289" HPOS="485" VPOS="1152" WIDTH="86" HEIGHT="26" CONTENT="which" WC="0.32" CC="97537"/>
						<SP ID="P15_SP00255" HPOS="571" VPOS="1179" WIDTH="14"/>
						<String ID="P15_ST00290" HPOS="585" VPOS="1151" WIDTH="32" HEIGHT="26" CONTENT="he" WC="0.63" CC="70"/>
						<SP ID="P15_SP00256" HPOS="617" VPOS="1179" WIDTH="14"/>
						<String ID="P15_ST00291" HPOS="631" VPOS="1152" WIDTH="21" HEIGHT="25" CONTENT="is" WC="0.14" CC="79"/>
						<SP ID="P15_SP00257" HPOS="652" VPOS="1179" WIDTH="13"/>
						<String ID="P15_ST00292" HPOS="665" VPOS="1151" WIDTH="201" HEIGHT="35" CONTENT="immoderately" WC="0.69" CC="509700090050"/>
						<SP ID="P15_SP00258" HPOS="866" VPOS="1186" WIDTH="9"/>
						<String ID="P15_ST00293" HPOS="875" VPOS="1151" WIDTH="62" HEIGHT="26" CONTENT="fond" WC="0.66" CC="5080"/>
						<String ID="P15_ST00294" HPOS="939" VPOS="1167" WIDTH="34" HEIGHT="2" CONTENT="—" WC="0.20" CC="8"/>
						<String ID="P15_ST00295" HPOS="975" VPOS="1151" WIDTH="73" HEIGHT="27" CONTENT="takes" WC="0.49" CC="46904"/>
					</TextLine>
					<TextLine ID="P15_TL00028" HPOS="85" VPOS="1195" WIDTH="962" HEIGHT="38">
						<String ID="P15_ST00296" HPOS="85" VPOS="1197" WIDTH="41" HEIGHT="26" CONTENT="his" WC="0.73" CC="015"/>
						<SP ID="P15_SP00259" HPOS="126" VPOS="1223" WIDTH="12"/>
						<String ID="P15_ST00297" HPOS="138" VPOS="1197" WIDTH="99" HEIGHT="36" CONTENT="plough" WC="0.66" CC="034606"/>
						<SP ID="P15_SP00260" HPOS="237" VPOS="1233" WIDTH="14"/>
						<String ID="P15_ST00298" HPOS="251" VPOS="1196" WIDTH="53" HEIGHT="26" CONTENT="and" WC="0.42" CC="980"/>
						<SP ID="P15_SP00261" HPOS="304" VPOS="1233" WIDTH="12"/>
						<String ID="P15_ST00299" HPOS="316" VPOS="1197" WIDTH="41" HEIGHT="25" CONTENT="his" WC="0.56" CC="741"/>
						<SP ID="P15_SP00262" HPOS="357" VPOS="1233" WIDTH="14"/>
						<String ID="P15_ST00300" HPOS="371" VPOS="1195" WIDTH="128" HEIGHT="34" CONTENT="bullocks," WC="0.54" CC="673703371"/>
						<SP ID="P15_SP00263" HPOS="499" VPOS="1233" WIDTH="16"/>
						<String ID="P15_ST00301" HPOS="515" VPOS="1195" WIDTH="52" HEIGHT="27" CONTENT="and" WC="0.90" CC="030"/>
						<SP ID="P15_SP00264" HPOS="567" VPOS="1233" WIDTH="14"/>
						<String ID="P15_ST00302" HPOS="581" VPOS="1198" WIDTH="78" HEIGHT="23" CONTENT="starts" WC="0.51" CC="660465"/>
						<SP ID="P15_SP00265" HPOS="659" VPOS="1233" WIDTH="15"/>
						<String ID="P15_ST00303" HPOS="674" VPOS="1205" WIDTH="33" HEIGHT="16" CONTENT="on" WC="0.68" CC="60"/>
						<SP ID="P15_SP00266" HPOS="707" VPOS="1233" WIDTH="14"/>
						<String ID="P15_ST00304" HPOS="721" VPOS="1195" WIDTH="40" HEIGHT="26" CONTENT="his" WC="0.38" CC="737"/>
						<SP ID="P15_SP00267" HPOS="761" VPOS="1233" WIDTH="13"/>
						<String ID="P15_ST00305" HPOS="774" VPOS="1204" WIDTH="60" HEIGHT="25" CONTENT="way" WC="0.33" CC="990"/>
						<SP ID="P15_SP00268" HPOS="834" VPOS="1233" WIDTH="25"/>
						<String ID="P15_ST00306" HPOS="859" VPOS="1198" WIDTH="26" HEIGHT="22" CONTENT="to" WC="0.54" CC="44"/>
						<SP ID="P15_SP00269" HPOS="885" VPOS="1233" WIDTH="26"/>
						<String ID="P15_ST00307" HPOS="911" VPOS="1195" WIDTH="41" HEIGHT="25" CONTENT="his" WC="0.53" CC="247"/>
						<SP ID="P15_SP00270" HPOS="952" VPOS="1233" WIDTH="25"/>
						<String ID="P15_ST00308" HPOS="977" VPOS="1195" WIDTH="70" HEIGHT="26" CONTENT="field." WC="0.79" CC="003404"/>
					</TextLine>
					<TextLine ID="P15_TL00029" HPOS="85" VPOS="1237" WIDTH="960" HEIGHT="38">
						<String ID="P15_ST00309" HPOS="85" VPOS="1241" WIDTH="51" HEIGHT="26" CONTENT="His" WC="0.46" CC="753"/>
						<SP ID="P15_SP00271" HPOS="136" VPOS="1267" WIDTH="13"/>
						<String ID="P15_ST00310" HPOS="149" VPOS="1241" WIDTH="70" HEIGHT="34" CONTENT="wife," WC="0.62" CC="05183"/>
						<SP ID="P15_SP00272" HPOS="219" VPOS="1275" WIDTH="15"/>
						<String ID="P15_ST00311" HPOS="234" VPOS="1241" WIDTH="59" HEIGHT="26" CONTENT="wlio" WC="0.45" CC="9381"/>
						<SP ID="P15_SP00273" HPOS="293" VPOS="1275" WIDTH="10"/>
						<String ID="P15_ST00312" HPOS="303" VPOS="1240" WIDTH="72" HEIGHT="27" CONTENT="looks" WC="0.68" CC="40406"/>
						<SP ID="P15_SP00274" HPOS="375" VPOS="1275" WIDTH="14"/>
						<String ID="P15_ST00313" HPOS="389" VPOS="1240" WIDTH="68" HEIGHT="26" CONTENT="after" WC="0.58" CC="06076"/>
						<SP ID="P15_SP00275" HPOS="457" VPOS="1275" WIDTH="12"/>
						<String ID="P15_ST00314" HPOS="469" VPOS="1239" WIDTH="41" HEIGHT="26" CONTENT="his" WC="0.48" CC="716"/>
						<SP ID="P15_SP00276" HPOS="510" VPOS="1275" WIDTH="14"/>
						<String ID="P15_ST00315" HPOS="524" VPOS="1238" WIDTH="144" HEIGHT="26" CONTENT="household" WC="0.76" CC="300407310"/>
						<SP ID="P15_SP00277" HPOS="668" VPOS="1275" WIDTH="13"/>
						<String ID="P15_ST00316" HPOS="681" VPOS="1238" WIDTH="88" HEIGHT="25" CONTENT="affairs" WC="0.78" CC="3000046"/>
						<SP ID="P15_SP00278" HPOS="769" VPOS="1275" WIDTH="11"/>
						<String ID="P15_ST00317" HPOS="780" VPOS="1238" WIDTH="51" HEIGHT="25" CONTENT="and" WC="0.77" CC="060"/>
						<SP ID="P15_SP00279" HPOS="831" VPOS="1275" WIDTH="14"/>
						<String ID="P15_ST00318" HPOS="845" VPOS="1237" WIDTH="127" HEIGHT="34" CONTENT="children," WC="0.62" CC="773403204"/>
						<SP ID="P15_SP00280" HPOS="972" VPOS="1275" WIDTH="16"/>
						<String ID="P15_ST00319" HPOS="988" VPOS="1246" WIDTH="57" HEIGHT="26" CONTENT="pre" SUBS_TYPE="HypPart1" SUBS_CONTENT="prepares" WC="0.78" CC="0430"/>
						<HYP CONTENT="-"/>
					</TextLine>
					<TextLine ID="P15_TL00030" HPOS="84" VPOS="1280" WIDTH="964" HEIGHT="39">
						<String ID="P15_ST00320" HPOS="84" VPOS="1294" WIDTH="76" HEIGHT="25" CONTENT="pares" SUBS_TYPE="HypPart2" SUBS_CONTENT="prepares" WC="0.80" CC="00503"/>
						<SP ID="P15_SP00281" HPOS="160" VPOS="1319" WIDTH="11"/>
						<String ID="P15_ST00321" HPOS="171" VPOS="1284" WIDTH="43" HEIGHT="27" CONTENT="the" WC="0.66" CC="360"/>
						<SP ID="P15_SP00282" HPOS="214" VPOS="1319" WIDTH="12"/>
						<String ID="P15_ST00322" HPOS="226" VPOS="1283" WIDTH="125" HEIGHT="35" CONTENT="noonday" WC="0.69" CC="7508000"/>
						<SP ID="P15_SP00283" HPOS="351" VPOS="1319" WIDTH="13"/>
						<String ID="P15_ST00323" HPOS="364" VPOS="1283" WIDTH="78" HEIGHT="33" CONTENT="meal," WC="0.75" CC="00253"/>
						<SP ID="P15_SP00284" HPOS="442" VPOS="1319" WIDTH="15"/>
						<String ID="P15_ST00324" HPOS="457" VPOS="1283" WIDTH="51" HEIGHT="25" CONTENT="and" WC="0.76" CC="070"/>
						<SP ID="P15_SP00285" HPOS="508" VPOS="1319" WIDTH="19"/>
						<String ID="P15_ST00325" HPOS="527" VPOS="1282" WIDTH="99" HEIGHT="34" CONTENT="having" WC="0.75" CC="700510"/>
						<SP ID="P15_SP00286" HPOS="626" VPOS="1319" WIDTH="26"/>
						<String ID="P15_ST00326" HPOS="652" VPOS="1281" WIDTH="121" HEIGHT="35" CONTENT="supplied" WC="0.76" CC="55000430"/>
						<SP ID="P15_SP00287" HPOS="773" VPOS="1319" WIDTH="25"/>
						<String ID="P15_ST00327" HPOS="798" VPOS="1281" WIDTH="135" HEIGHT="26" CONTENT="breakfast" WC="0.65" CC="440701066"/>
						<SP ID="P15_SP00288" HPOS="933" VPOS="1319" WIDTH="24"/>
						<String ID="P15_ST00328" HPOS="957" VPOS="1283" WIDTH="27" HEIGHT="23" CONTENT="to" WC="0.93" CC="01"/>
						<SP ID="P15_SP00289" HPOS="984" VPOS="1319" WIDTH="21"/>
						<String ID="P15_ST00329" HPOS="1005" VPOS="1280" WIDTH="43" HEIGHT="26" CONTENT="the" WC="0.50" CC="473"/>
					</TextLine>
					<TextLine ID="P15_TL00031" HPOS="85" VPOS="1324" WIDTH="963" HEIGHT="39">
						<String ID="P15_ST00330" HPOS="85" VPOS="1327" WIDTH="127" HEIGHT="34" CONTENT="children," WC="0.67" CC="062106173"/>
						<SP ID="P15_SP00290" HPOS="212" VPOS="1361" WIDTH="15"/>
						<String ID="P15_ST00331" HPOS="227" VPOS="1328" WIDTH="87" HEIGHT="35" CONTENT="places" WC="0.25" CC="809889"/>
						<SP ID="P15_SP00291" HPOS="314" VPOS="1363" WIDTH="13"/>
						<String ID="P15_ST00332" HPOS="327" VPOS="1327" WIDTH="27" HEIGHT="26" CONTENT="in" WC="1.00" CC="00"/>
						<SP ID="P15_SP00292" HPOS="354" VPOS="1363" WIDTH="15"/>
						<String ID="P15_ST00333" HPOS="369" VPOS="1337" WIDTH="14" HEIGHT="16" CONTENT="a" WC="1.00" CC="0"/>
						<SP ID="P15_SP00293" HPOS="383" VPOS="1363" WIDTH="11"/>
						<String ID="P15_ST00334" HPOS="394" VPOS="1327" WIDTH="92" HEIGHT="26" CONTENT="basket" WC="0.81" CC="006004"/>
						<SP ID="P15_SP00294" HPOS="486" VPOS="1363" WIDTH="13"/>
						<String ID="P15_ST00335" HPOS="499" VPOS="1326" WIDTH="34" HEIGHT="26" CONTENT="all" WC="0.81" CC="050"/>
						<SP ID="P15_SP00295" HPOS="533" VPOS="1363" WIDTH="14"/>
						<String ID="P15_ST00336" HPOS="547" VPOS="1326" WIDTH="56" HEIGHT="25" CONTENT="that" WC="0.69" CC="0731"/>
						<SP ID="P15_SP00296" HPOS="603" VPOS="1363" WIDTH="14"/>
						<String ID="P15_ST00337" HPOS="617" VPOS="1326" WIDTH="22" HEIGHT="25" CONTENT="is" WC="0.69" CC="06"/>
						<SP ID="P15_SP00297" HPOS="639" VPOS="1363" WIDTH="14"/>
						<String ID="P15_ST00338" HPOS="653" VPOS="1325" WIDTH="126" HEIGHT="26" CONTENT="intended" WC="0.91" CC="03004000"/>
						<SP ID="P15_SP00298" HPOS="779" VPOS="1363" WIDTH="15"/>
						<String ID="P15_ST00339" HPOS="794" VPOS="1324" WIDTH="40" HEIGHT="27" CONTENT="for" WC="0.66" CC="063"/>
						<SP ID="P15_SP00299" HPOS="834" VPOS="1363" WIDTH="14"/>
						<String ID="P15_ST00340" HPOS="848" VPOS="1324" WIDTH="45" HEIGHT="27" CONTENT="the" WC="0.64" CC="550"/>
						<SP ID="P15_SP00300" HPOS="893" VPOS="1363" WIDTH="24"/>
						<String ID="P15_ST00341" HPOS="917" VPOS="1324" WIDTH="131" HEIGHT="35" CONTENT="husband," WC="0.75" CC="60270003"/>
					</TextLine>
					<TextLine ID="P15_TL00032" HPOS="87" VPOS="1367" WIDTH="961" HEIGHT="40">
						<String ID="P15_ST00342" HPOS="87" VPOS="1372" WIDTH="51" HEIGHT="26" CONTENT="and" WC="0.08" CC="989"/>
						<SP ID="P15_SP00301" HPOS="138" VPOS="1398" WIDTH="13"/>
						<String ID="P15_ST00343" HPOS="151" VPOS="1372" WIDTH="125" HEIGHT="35" CONTENT="proceeds" WC="0.84" CC="03002006"/>
						<SP ID="P15_SP00302" HPOS="276" VPOS="1407" WIDTH="14"/>
						<String ID="P15_ST00344" HPOS="290" VPOS="1375" WIDTH="26" HEIGHT="23" CONTENT="to" WC="1.00" CC="00"/>
						<SP ID="P15_SP00303" HPOS="316" VPOS="1407" WIDTH="14"/>
						<String ID="P15_ST00345" HPOS="330" VPOS="1372" WIDTH="45" HEIGHT="26" CONTENT="the" WC="0.78" CC="060"/>
						<SP ID="P15_SP00304" HPOS="375" VPOS="1407" WIDTH="15"/>
						<String ID="P15_ST00346" HPOS="390" VPOS="1371" WIDTH="61" HEIGHT="26" CONTENT="field" WC="0.66" CC="00059"/>
						<SP ID="P15_SP00305" HPOS="451" VPOS="1407" WIDTH="17"/>
						<String ID="P15_ST00347" HPOS="468" VPOS="1370" WIDTH="62" HEIGHT="26" CONTENT="with" WC="0.50" CC="9207"/>
						<SP ID="P15_SP00306" HPOS="530" VPOS="1407" WIDTH="12"/>
						<String ID="P15_ST00348" HPOS="542" VPOS="1369" WIDTH="43" HEIGHT="26" CONTENT="the" WC="0.29" CC="776"/>
						<SP ID="P15_SP00307" HPOS="585" VPOS="1407" WIDTH="13"/>
						<String ID="P15_ST00349" HPOS="598" VPOS="1369" WIDTH="92" HEIGHT="26" CONTENT="basket" WC="0.60" CC="196006"/>
						<SP ID="P15_SP00308" HPOS="690" VPOS="1407" WIDTH="7"/>
						<String ID="P15_ST00350" HPOS="697" VPOS="1378" WIDTH="34" HEIGHT="16" CONTENT="on" WC="0.77" CC="40"/>
						<SP ID="P15_SP00309" HPOS="731" VPOS="1407" WIDTH="13"/>
						<String ID="P15_ST00351" HPOS="744" VPOS="1368" WIDTH="47" HEIGHT="26" CONTENT="her" WC="0.62" CC="406"/>
						<SP ID="P15_SP00310" HPOS="791" VPOS="1407" WIDTH="13"/>
						<String ID="P15_ST00352" HPOS="804" VPOS="1368" WIDTH="75" HEIGHT="26" CONTENT="head." WC="0.89" CC="50000"/>
						<SP ID="P15_SP00311" HPOS="879" VPOS="1407" WIDTH="29"/>
						<String ID="P15_ST00353" HPOS="908" VPOS="1367" WIDTH="42" HEIGHT="27" CONTENT="On" WC="0.43" CC="28"/>
						<SP ID="P15_SP00312" HPOS="950" VPOS="1407" WIDTH="13"/>
						<String ID="P15_ST00354" HPOS="963" VPOS="1368" WIDTH="85" HEIGHT="26" CONTENT="arriv" SUBS_TYPE="HypPart1" SUBS_CONTENT="arriving" WC="0.48" CC="931690"/>
						<HYP CONTENT="-"/>
					</TextLine>
					<TextLine ID="P15_TL00033" HPOS="86" VPOS="1412" WIDTH="962" HEIGHT="39">
						<String ID="P15_ST00355" HPOS="86" VPOS="1416" WIDTH="47" HEIGHT="35" CONTENT="ing" SUBS_TYPE="HypPart2" SUBS_CONTENT="arriving" WC="0.47" CC="780"/>
						<SP ID="P15_SP00313" HPOS="133" VPOS="1451" WIDTH="13"/>
						<String ID="P15_ST00356" HPOS="146" VPOS="1416" WIDTH="83" HEIGHT="33" CONTENT="there," WC="0.63" CC="070904"/>
						<SP ID="P15_SP00314" HPOS="229" VPOS="1451" WIDTH="9"/>
						<String ID="P15_ST00357" HPOS="238" VPOS="1415" WIDTH="46" HEIGHT="27" CONTENT="she" WC="0.53" CC="670"/>
						<SP ID="P15_SP00315" HPOS="284" VPOS="1451" WIDTH="14"/>
						<String ID="P15_ST00358" HPOS="298" VPOS="1415" WIDTH="111" HEIGHT="34" CONTENT="empties" WC="0.84" CC="0005302"/>
						<SP ID="P15_SP00316" HPOS="409" VPOS="1451" WIDTH="13"/>
						<String ID="P15_ST00359" HPOS="422" VPOS="1414" WIDTH="44" HEIGHT="26" CONTENT="the" WC="0.45" CC="672"/>
						<SP ID="P15_SP00317" HPOS="466" VPOS="1451" WIDTH="9"/>
						<String ID="P15_ST00360" HPOS="475" VPOS="1414" WIDTH="93" HEIGHT="26" CONTENT="basket" WC="0.71" CC="063007"/>
						<SP ID="P15_SP00318" HPOS="568" VPOS="1451" WIDTH="7"/>
						<String ID="P15_ST00361" HPOS="575" VPOS="1412" WIDTH="31" HEIGHT="27" CONTENT="of" WC="1.00" CC="00"/>
						<SP ID="P15_SP00319" HPOS="606" VPOS="1451" WIDTH="6"/>
						<String ID="P15_ST00362" HPOS="612" VPOS="1414" WIDTH="33" HEIGHT="25" CONTENT="its" WC="0.54" CC="156"/>
						<SP ID="P15_SP00320" HPOS="645" VPOS="1451" WIDTH="11"/>
						<String ID="P15_ST00363" HPOS="656" VPOS="1416" WIDTH="128" HEIGHT="30" CONTENT="contents," WC="0.66" CC="005620454"/>
						<SP ID="P15_SP00321" HPOS="784" VPOS="1451" WIDTH="12"/>
						<String ID="P15_ST00364" HPOS="796" VPOS="1412" WIDTH="52" HEIGHT="26" CONTENT="and" WC="0.68" CC="270"/>
						<SP ID="P15_SP00322" HPOS="848" VPOS="1451" WIDTH="9"/>
						<String ID="P15_ST00365" HPOS="857" VPOS="1412" WIDTH="106" HEIGHT="35" CONTENT="spreads" WC="0.52" CC="0320799"/>
						<SP ID="P15_SP00323" HPOS="963" VPOS="1451" WIDTH="14"/>
						<String ID="P15_ST00366" HPOS="977" VPOS="1412" WIDTH="71" HEIGHT="26" CONTENT="them" WC="0.52" CC="0665"/>
					</TextLine>
					<TextLine ID="P15_TL00034" HPOS="85" VPOS="1454" WIDTH="963" HEIGHT="39">
						<String ID="P15_ST00367" HPOS="85" VPOS="1460" WIDTH="90" HEIGHT="26" CONTENT="before" WC="0.79" CC="404030"/>
						<SP ID="P15_SP00324" HPOS="175" VPOS="1486" WIDTH="13"/>
						<String ID="P15_ST00368" HPOS="188" VPOS="1460" WIDTH="47" HEIGHT="26" CONTENT="her" WC="0.73" CC="502"/>
						<SP ID="P15_SP00325" HPOS="235" VPOS="1486" WIDTH="13"/>
						<String ID="P15_ST00369" HPOS="248" VPOS="1460" WIDTH="67" HEIGHT="33" CONTENT="lord," WC="0.85" CC="00501"/>
						<SP ID="P15_SP00326" HPOS="315" VPOS="1493" WIDTH="11"/>
						<String ID="P15_ST00370" HPOS="326" VPOS="1459" WIDTH="70" HEIGHT="34" CONTENT="who," WC="0.48" CC="9603"/>
						<SP ID="P15_SP00327" HPOS="396" VPOS="1493" WIDTH="16"/>
						<String ID="P15_ST00371" HPOS="412" VPOS="1458" WIDTH="66" HEIGHT="26" CONTENT="with" WC="0.84" CC="0202"/>
						<SP ID="P15_SP00328" HPOS="478" VPOS="1493" WIDTH="13"/>
						<String ID="P15_ST00372" HPOS="491" VPOS="1467" WIDTH="15" HEIGHT="16" CONTENT="a" WC="1.00" CC="0"/>
						<SP ID="P15_SP00329" HPOS="506" VPOS="1493" WIDTH="8"/>
						<String ID="P15_ST00373" HPOS="514" VPOS="1457" WIDTH="67" HEIGHT="26" CONTENT="keen" WC="0.56" CC="9007"/>
						<SP ID="P15_SP00330" HPOS="581" VPOS="1493" WIDTH="12"/>
						<String ID="P15_ST00374" HPOS="593" VPOS="1456" WIDTH="114" HEIGHT="35" CONTENT="appetite" WC="0.90" CC="00010104"/>
						<SP ID="P15_SP00331" HPOS="707" VPOS="1493" WIDTH="15"/>
						<String ID="P15_ST00375" HPOS="722" VPOS="1455" WIDTH="67" HEIGHT="27" CONTENT="after" WC="0.75" CC="43004"/>
						<SP ID="P15_SP00332" HPOS="789" VPOS="1493" WIDTH="7"/>
						<String ID="P15_ST00376" HPOS="796" VPOS="1455" WIDTH="44" HEIGHT="27" CONTENT="the" WC="0.74" CC="070"/>
						<SP ID="P15_SP00333" HPOS="840" VPOS="1493" WIDTH="9"/>
						<String ID="P15_ST00377" HPOS="849" VPOS="1454" WIDTH="104" HEIGHT="27" CONTENT="labours" WC="0.46" CC="3841649"/>
						<SP ID="P15_SP00334" HPOS="953" VPOS="1493" WIDTH="13"/>
						<String ID="P15_ST00378" HPOS="966" VPOS="1454" WIDTH="31" HEIGHT="27" CONTENT="of" WC="0.70" CC="05"/>
						<SP ID="P15_SP00335" HPOS="997" VPOS="1493" WIDTH="9"/>
						<String ID="P15_ST00379" HPOS="1006" VPOS="1454" WIDTH="42" HEIGHT="27" CONTENT="the" WC="0.74" CC="070"/>
					</TextLine>
					<TextLine ID="P15_TL00035" HPOS="85" VPOS="1499" WIDTH="963" HEIGHT="40">
						<String ID="P15_ST00380" HPOS="85" VPOS="1504" WIDTH="133" HEIGHT="34" CONTENT="morning," WC="0.49" CC="93150594"/>
						<SP ID="P15_SP00336" HPOS="218" VPOS="1538" WIDTH="14"/>
						<String ID="P15_ST00381" HPOS="232" VPOS="1503" WIDTH="114" HEIGHT="35" CONTENT="heartily" WC="0.73" CC="40500450"/>
						<SP ID="P15_SP00337" HPOS="346" VPOS="1538" WIDTH="14"/>
						<String ID="P15_ST00382" HPOS="360" VPOS="1504" WIDTH="93" HEIGHT="35" CONTENT="enjoys" WC="0.78" CC="070401"/>
						<SP ID="P15_SP00338" HPOS="453" VPOS="1539" WIDTH="13"/>
						<String ID="P15_ST00383" HPOS="466" VPOS="1502" WIDTH="45" HEIGHT="26" CONTENT="the" WC="0.58" CC="570"/>
						<SP ID="P15_SP00339" HPOS="511" VPOS="1539" WIDTH="14"/>
						<String ID="P15_ST00384" HPOS="525" VPOS="1500" WIDTH="93" HEIGHT="35" CONTENT="simple" WC="0.55" CC="505940"/>
						<SP ID="P15_SP00340" HPOS="618" VPOS="1539" WIDTH="15"/>
						<String ID="P15_ST00385" HPOS="633" VPOS="1503" WIDTH="95" HEIGHT="32" CONTENT="repast." WC="0.78" CC="4000630"/>
						<SP ID="P15_SP00341" HPOS="728" VPOS="1539" WIDTH="24"/>
						<String ID="P15_ST00386" HPOS="752" VPOS="1499" WIDTH="51" HEIGHT="27" CONTENT="His" WC="0.42" CC="637"/>
						<SP ID="P15_SP00342" HPOS="803" VPOS="1539" WIDTH="14"/>
						<String ID="P15_ST00387" HPOS="817" VPOS="1499" WIDTH="78" HEIGHT="27" CONTENT="drink" WC="0.64" CC="04580"/>
						<SP ID="P15_SP00343" HPOS="895" VPOS="1539" WIDTH="13"/>
						<String ID="P15_ST00388" HPOS="908" VPOS="1499" WIDTH="22" HEIGHT="27" CONTENT="is" WC="0.54" CC="62"/>
						<SP ID="P15_SP00344" HPOS="930" VPOS="1539" WIDTH="14"/>
						<String ID="P15_ST00389" HPOS="944" VPOS="1509" WIDTH="27" HEIGHT="16" CONTENT="as" WC="0.39" CC="56"/>
						<SP ID="P15_SP00345" HPOS="971" VPOS="1539" WIDTH="13"/>
						<String ID="P15_ST00390" HPOS="984" VPOS="1499" WIDTH="64" HEIGHT="26" CONTENT="sim" SUBS_TYPE="HypPart1" SUBS_CONTENT="simple" WC="0.72" CC="5031"/>
						<HYP CONTENT="-"/>
					</TextLine>
					<TextLine ID="P15_TL00036" HPOS="83" VPOS="1543" WIDTH="965" HEIGHT="39">
						<String ID="P15_ST00391" HPOS="83" VPOS="1548" WIDTH="44" HEIGHT="34" CONTENT="ple" SUBS_TYPE="HypPart2" SUBS_CONTENT="simple" WC="0.90" CC="030"/>
						<SP ID="P15_SP00346" HPOS="127" VPOS="1582" WIDTH="14"/>
						<String ID="P15_ST00392" HPOS="141" VPOS="1557" WIDTH="27" HEIGHT="16" CONTENT="as" WC="0.29" CC="85"/>
						<SP ID="P15_SP00347" HPOS="168" VPOS="1582" WIDTH="13"/>
						<String ID="P15_ST00393" HPOS="181" VPOS="1547" WIDTH="40" HEIGHT="26" CONTENT="his" WC="0.38" CC="746"/>
						<SP ID="P15_SP00348" HPOS="221" VPOS="1582" WIDTH="14"/>
						<String ID="P15_ST00394" HPOS="235" VPOS="1547" WIDTH="70" HEIGHT="34" CONTENT="food," WC="0.95" CC="00001"/>
						<SP ID="P15_SP00349" HPOS="305" VPOS="1582" WIDTH="16"/>
						<String ID="P15_ST00395" HPOS="321" VPOS="1548" WIDTH="148" HEIGHT="33" CONTENT="consisting" WC="0.68" CC="2006446330"/>
						<SP ID="P15_SP00350" HPOS="469" VPOS="1582" WIDTH="12"/>
						<String ID="P15_ST00396" HPOS="481" VPOS="1545" WIDTH="63" HEIGHT="35" CONTENT="only" WC="0.72" CC="5050"/>
						<SP ID="P15_SP00351" HPOS="544" VPOS="1582" WIDTH="14"/>
						<String ID="P15_ST00397" HPOS="558" VPOS="1543" WIDTH="31" HEIGHT="27" CONTENT="of" WC="0.64" CC="24"/>
						<SP ID="P15_SP00352" HPOS="589" VPOS="1582" WIDTH="19"/>
						<String ID="P15_ST00398" HPOS="608" VPOS="1554" WIDTH="67" HEIGHT="25" CONTENT="pure" WC="0.74" CC="0630"/>
						<SP ID="P15_SP00353" HPOS="675" VPOS="1582" WIDTH="14"/>
						<String ID="P15_ST00399" HPOS="689" VPOS="1547" WIDTH="89" HEIGHT="23" CONTENT="water." WC="0.70" CC="901060"/>
						<SP ID="P15_SP00354" HPOS="778" VPOS="1582" WIDTH="40"/>
						<String ID="P15_ST00400" HPOS="818" VPOS="1543" WIDTH="27" HEIGHT="27" CONTENT="It" WC="0.65" CC="15"/>
						<SP ID="P15_SP00355" HPOS="845" VPOS="1582" WIDTH="12"/>
						<String ID="P15_ST00401" HPOS="857" VPOS="1543" WIDTH="22" HEIGHT="27" CONTENT="is" WC="0.32" CC="66"/>
						<SP ID="P15_SP00356" HPOS="879" VPOS="1582" WIDTH="14"/>
						<String ID="P15_ST00402" HPOS="893" VPOS="1543" WIDTH="62" HEIGHT="35" CONTENT="only" WC="0.68" CC="4800"/>
						<SP ID="P15_SP00357" HPOS="955" VPOS="1582" WIDTH="13"/>
						<String ID="P15_ST00403" HPOS="968" VPOS="1543" WIDTH="80" HEIGHT="35" CONTENT="lately" WC="0.52" CC="596600"/>
					</TextLine>
					<TextLine ID="P15_TL00037" HPOS="83" VPOS="1586" WIDTH="965" HEIGHT="35">
						<String ID="P15_ST00404" HPOS="83" VPOS="1592" WIDTH="60" HEIGHT="26" CONTENT="that" WC="0.73" CC="0406"/>
						<SP ID="P15_SP00358" HPOS="143" VPOS="1618" WIDTH="8"/>
						<String ID="P15_ST00405" HPOS="151" VPOS="1591" WIDTH="40" HEIGHT="26" CONTENT="his" WC="0.33" CC="666"/>
						<SP ID="P15_SP00359" HPOS="191" VPOS="1618" WIDTH="8"/>
						<String ID="P15_ST00406" HPOS="199" VPOS="1591" WIDTH="144" HEIGHT="27" CONTENT="brother—" WC="0.57" CC="70137068"/>
						<String ID="P15_ST00407" HPOS="345" VPOS="1592" WIDTH="44" HEIGHT="26" CONTENT="the" WC="0.68" CC="260"/>
						<SP ID="P15_SP00360" HPOS="389" VPOS="1618" WIDTH="9"/>
						<String ID="P15_ST00408" HPOS="398" VPOS="1591" WIDTH="70" HEIGHT="26" CONTENT="kooli" WC="0.76" CC="05041"/>
						<SP ID="P15_SP00361" HPOS="468" VPOS="1618" WIDTH="12"/>
						<String ID="P15_ST00409" HPOS="480" VPOS="1589" WIDTH="176" HEIGHT="27" CONTENT="cultivator—" WC="0.67" CC="40240008158"/>
						<String ID="P15_ST00410" HPOS="657" VPOS="1587" WIDTH="47" HEIGHT="26" CONTENT="has" WC="0.52" CC="706"/>
						<SP ID="P15_SP00362" HPOS="704" VPOS="1618" WIDTH="8"/>
						<String ID="P15_ST00411" HPOS="712" VPOS="1597" WIDTH="74" HEIGHT="17" CONTENT="come" WC="0.67" CC="0507"/>
						<SP ID="P15_SP00363" HPOS="786" VPOS="1618" WIDTH="10"/>
						<String ID="P15_ST00412" HPOS="796" VPOS="1590" WIDTH="27" HEIGHT="24" CONTENT="to" WC="0.85" CC="11"/>
						<SP ID="P15_SP00364" HPOS="823" VPOS="1618" WIDTH="14"/>
						<String ID="P15_ST00413" HPOS="837" VPOS="1587" WIDTH="108" HEIGHT="34" CONTENT="indulge" WC="0.57" CC="7808600"/>
						<SP ID="P15_SP00365" HPOS="945" VPOS="1621" WIDTH="14"/>
						<String ID="P15_ST00414" HPOS="959" VPOS="1596" WIDTH="13" HEIGHT="16" CONTENT="a" WC="0.61" CC="3"/>
						<SP ID="P15_SP00366" HPOS="972" VPOS="1621" WIDTH="9"/>
						<String ID="P15_ST00415" HPOS="981" VPOS="1586" WIDTH="67" HEIGHT="26" CONTENT="little" WC="0.55" CC="016665"/>
					</TextLine>
					<TextLine ID="P15_TL00038" HPOS="83" VPOS="1630" WIDTH="965" HEIGHT="40">
						<String ID="P15_ST00416" HPOS="83" VPOS="1635" WIDTH="28" HEIGHT="26" CONTENT="in" WC="0.63" CC="15"/>
						<SP ID="P15_SP00367" HPOS="111" VPOS="1661" WIDTH="14"/>
						<String ID="P15_ST00417" HPOS="125" VPOS="1634" WIDTH="94" HEIGHT="27" CONTENT="ardent" WC="0.72" CC="058002"/>
						<SP ID="P15_SP00368" HPOS="219" VPOS="1661" WIDTH="13"/>
						<String ID="P15_ST00418" HPOS="232" VPOS="1635" WIDTH="97" HEIGHT="35" CONTENT="spirits." WC="0.70" CC="40604250"/>
						<SP ID="P15_SP00369" HPOS="329" VPOS="1670" WIDTH="42"/>
						<String ID="P15_ST00419" HPOS="371" VPOS="1635" WIDTH="64" HEIGHT="33" CONTENT="But," WC="0.62" CC="6053"/>
						<SP ID="P15_SP00370" HPOS="435" VPOS="1670" WIDTH="10"/>
						<String ID="P15_ST00420" HPOS="445" VPOS="1642" WIDTH="70" HEIGHT="27" CONTENT="upon" WC="0.83" CC="4010"/>
						<SP ID="P15_SP00371" HPOS="515" VPOS="1670" WIDTH="10"/>
						<String ID="P15_ST00421" HPOS="525" VPOS="1632" WIDTH="45" HEIGHT="27" CONTENT="the" WC="0.60" CC="560"/>
						<SP ID="P15_SP00372" HPOS="570" VPOS="1670" WIDTH="14"/>
						<String ID="P15_ST00422" HPOS="584" VPOS="1630" WIDTH="93" HEIGHT="34" CONTENT="whole," WC="0.54" CC="961503"/>
						<SP ID="P15_SP00373" HPOS="677" VPOS="1670" WIDTH="15"/>
						<String ID="P15_ST00423" HPOS="692" VPOS="1631" WIDTH="44" HEIGHT="26" CONTENT="the" WC="0.73" CC="070"/>
						<SP ID="P15_SP00374" HPOS="736" VPOS="1670" WIDTH="15"/>
						<String ID="P15_ST00424" HPOS="751" VPOS="1631" WIDTH="113" HEIGHT="34" CONTENT="Gujarat" WC="0.49" CC="6729602"/>
						<SP ID="P15_SP00375" HPOS="864" VPOS="1670" WIDTH="10"/>
						<String ID="P15_ST00425" HPOS="874" VPOS="1630" WIDTH="140" HEIGHT="26" CONTENT="cultivator" WC="0.72" CC="3202203164"/>
						<SP ID="P15_SP00376" HPOS="1014" VPOS="1670" WIDTH="14"/>
						<String ID="P15_ST00426" HPOS="1028" VPOS="1631" WIDTH="20" HEIGHT="24" CONTENT="is" WC="0.61" CC="07"/>
					</TextLine>
					<TextLine ID="P15_TL00039" HPOS="82" VPOS="1674" WIDTH="928" HEIGHT="40">
						<String ID="P15_ST00427" HPOS="82" VPOS="1690" WIDTH="28" HEIGHT="17" CONTENT="as" WC="0.77" CC="04"/>
						<SP ID="P15_SP00377" HPOS="110" VPOS="1707" WIDTH="13"/>
						<String ID="P15_ST00428" HPOS="123" VPOS="1680" WIDTH="93" HEIGHT="34" CONTENT="simple" WC="0.51" CC="246950"/>
						<SP ID="P15_SP00378" HPOS="216" VPOS="1714" WIDTH="15"/>
						<String ID="P15_ST00429" HPOS="231" VPOS="1680" WIDTH="29" HEIGHT="26" CONTENT="in" WC="0.64" CC="24"/>
						<SP ID="P15_SP00379" HPOS="260" VPOS="1714" WIDTH="13"/>
						<String ID="P15_ST00430" HPOS="273" VPOS="1679" WIDTH="41" HEIGHT="26" CONTENT="his" WC="0.46" CC="734"/>
						<SP ID="P15_SP00380" HPOS="314" VPOS="1714" WIDTH="14"/>
						<String ID="P15_ST00431" HPOS="328" VPOS="1679" WIDTH="87" HEIGHT="27" CONTENT="habits" WC="0.71" CC="701035"/>
						<SP ID="P15_SP00381" HPOS="415" VPOS="1714" WIDTH="16"/>
						<String ID="P15_ST00432" HPOS="431" VPOS="1688" WIDTH="27" HEIGHT="18" CONTENT="as" WC="0.77" CC="04"/>
						<SP ID="P15_SP00382" HPOS="458" VPOS="1714" WIDTH="14"/>
						<String ID="P15_ST00433" HPOS="472" VPOS="1678" WIDTH="32" HEIGHT="26" CONTENT="he" WC="0.64" CC="70"/>
						<SP ID="P15_SP00383" HPOS="504" VPOS="1714" WIDTH="14"/>
						<String ID="P15_ST00434" HPOS="518" VPOS="1677" WIDTH="22" HEIGHT="26" CONTENT="is" WC="0.65" CC="06"/>
						<SP ID="P15_SP00384" HPOS="540" VPOS="1714" WIDTH="15"/>
						<String ID="P15_ST00435" HPOS="555" VPOS="1674" WIDTH="94" HEIGHT="36" CONTENT="thrifty" WC="0.66" CC="5732400"/>
						<SP ID="P15_SP00385" HPOS="649" VPOS="1714" WIDTH="14"/>
						<String ID="P15_ST00436" HPOS="663" VPOS="1675" WIDTH="27" HEIGHT="26" CONTENT="in" WC="0.72" CC="05"/>
						<SP ID="P15_SP00386" HPOS="690" VPOS="1714" WIDTH="14"/>
						<String ID="P15_ST00437" HPOS="704" VPOS="1675" WIDTH="43" HEIGHT="27" CONTENT="the" WC="0.59" CC="173"/>
						<SP ID="P15_SP00387" HPOS="747" VPOS="1714" WIDTH="14"/>
						<String ID="P15_ST00438" HPOS="761" VPOS="1685" WIDTH="45" HEIGHT="17" CONTENT="use" WC="0.64" CC="460"/>
						<SP ID="P15_SP00388" HPOS="806" VPOS="1714" WIDTH="15"/>
						<String ID="P15_ST00439" HPOS="821" VPOS="1675" WIDTH="30" HEIGHT="26" CONTENT="of" WC="0.82" CC="02"/>
						<SP ID="P15_SP00389" HPOS="851" VPOS="1714" WIDTH="9"/>
						<String ID="P15_ST00440" HPOS="860" VPOS="1675" WIDTH="40" HEIGHT="26" CONTENT="his" WC="0.56" CC="534"/>
						<SP ID="P15_SP00390" HPOS="900" VPOS="1714" WIDTH="13"/>
						<String ID="P15_ST00441" HPOS="913" VPOS="1683" WIDTH="97" HEIGHT="17" CONTENT="means." WC="0.75" CC="440060"/>
					</TextLine>
				</TextBlock>
			</PrintSpace>
		</Page>
	</Layout>
</alto>
